Nombre municipio,Sexo,Edad,Tipo de contagio,
BOGOTA,M,49.0,Comunitaria,
BOGOTA,M,49.0,Relacionado,
BOGOTA,F,51.0,Comunitaria,
BOGOTA,F,51.0,Relacionado,
BOGOTA,F,51.0,Comunitaria,
BOGOTA,F,52.0,Relacionado,
CUMBAL,M,24.0,Relacionado,
CUMBAL,M,24.0,Comunitaria,
GUACHUCAL,M,33.0,Relacionado,
LA CRUZ,F,35.0,Comunitaria,
LA CRUZ,F,36.0,Comunitaria,
LA CRUZ,F,33.0,Comunitaria,
LA CRUZ,F,30.0,Comunitaria,
BARRANCABERMEJA,F,38.0,Comunitaria,
BARRANCABERMEJA,F,37.0,Comunitaria,
DOSQUEBRADAS,F,23.0,Relacionado,
TIPACOQUE,F,19.0,Comunitaria,
PEREIRA,M,27.0,Comunitaria,
CUCUTA,F,32.0,Comunitaria,
VILLA DEL ROSARIO,F,31.0,Relacionado,
BUCARAMANGA,F,69.0,Comunitaria,
BARRANCABERMEJA,F,54.0,Comunitaria,
MEDELLIN,F,34.0,Relacionado,
MEDELLIN,F,20.0,Relacionado,
ITAGUI,F,46.0,Relacionado,
BELLO,M,40.0,Comunitaria,
ITAGUI,M,38.0,Relacionado,
GIRARDOTA,M,42.0,Relacionado,
MEDELLIN,F,76.0,Comunitaria,
MEDELLIN,M,27.0,Comunitaria,
SAN VICENTE,M,29.0,Relacionado,
ITAGUI,F,82.0,Comunitaria,
MEDELLIN,M,35.0,Comunitaria,
RIONEGRO,M,24.0,Comunitaria,
RIONEGRO,M,16.0,Relacionado,
MEDELLIN,F,26.0,Relacionado,
CALDAS,M,28.0,Comunitaria,
CAUCASIA,F,27.0,Relacionado,
ITAGUI,F,24.0,Comunitaria,
MEDELLIN,F,33.0,Relacionado,
MEDELLIN,F,18.0,Relacionado,
BELLO,F,22.0,Comunitaria,
MEDELLIN,F,29.0,Comunitaria,
CARAMANTA,F,26.0,Relacionado,
MEDELLIN,F,27.0,Relacionado,
BELLO,F,30.0,Relacionado,
CARMEN DE VIBORAL,F,72.0,Comunitaria,
MEDELLIN,M,21.0,Relacionado,
FLORENCIA,M,64.0,Comunitaria,
VILLAVICENCIO,M,57.0,Comunitaria,
CALI,F,33.0,Comunitaria,
VALLEDUPAR,F,34.0,Comunitaria,
BARRANQUILLA,M,45.0,Comunitaria,
IPIALES,M,75.0,Comunitaria,
CALI,M,27.0,Comunitaria,
CALI,M,89.0,Comunitaria,
VALLEDUPAR,M,58.0,Comunitaria,
YAGUARA,M,36.0,Relacionado,
PUERTO CARREÑO,M,21.0,Relacionado,
EL PAUJIL,F,50.0,Comunitaria,
PEREIRA,F,42.0,Comunitaria,
MEDELLIN,F,94.0,Relacionado,
NEIVA,F,51.0,Comunitaria,
VALLEDUPAR,F,69.0,Comunitaria,
MOCOA,F,19.0,Comunitaria,
POPAYAN,F,35.0,Comunitaria,
MEDELLIN,F,99.0,Comunitaria,
BELLO,F,13.0,Relacionado,
SALAMINA,F,46.0,Comunitaria,
MONTERIA,F,65.0,Comunitaria,
POPAYAN,F,43.0,Comunitaria,
BARRANCABERMEJA,F,7.0,Relacionado,
LA JAGUA DE IBIRICO,F,18.0,Comunitaria,
AGUSTIN CODAZZI,F,55.0,Relacionado,
SOGAMOSO,F,80.0,Relacionado,
VALLEDUPAR,F,61.0,Comunitaria,
ACACIAS,F,14.0,Relacionado,
VALLEDUPAR,M,2.0,Comunitaria,
POPAYAN,M,3.0,Comunitaria,
VALLEDUPAR,M,29.0,Comunitaria,
MEDELLIN,M,36.0,Relacionado,
PUERTO CARREÑO,M,31.0,Relacionado,
GALAPA,M,17.0,Comunitaria,
VILLAVICENCIO,M,35.0,Comunitaria,
ZIPAQUIRA,M,7.0,Comunitaria,
BARRANCABERMEJA,M,37.0,Comunitaria,
BUCARAMANGA,M,41.0,Comunitaria,
FLORENCIA,M,1.0,Comunitaria,
AGUSTIN CODAZZI,M,47.0,Comunitaria,
SIBATE,M,25.0,Comunitaria,
FUNZA,F,58.0,Comunitaria,
SOGAMOSO,F,46.0,Comunitaria,
TUNJA,M,26.0,Comunitaria,
TUNJA,F,30.0,Comunitaria,
NEIRA,F,60.0,Comunitaria,
MANIZALES,M,19.0,Comunitaria,
MANIZALES,M,17.0,Comunitaria,
MANIZALES,M,61.0,Comunitaria,
MANIZALES,F,27.0,Comunitaria,
MANIZALES,M,26.0,Comunitaria,
MANIZALES,F,56.0,Comunitaria,
MANIZALES,M,33.0,Comunitaria,
MANIZALES,M,25.0,Comunitaria,
MANIZALES,M,50.0,Comunitaria,
MANIZALES,F,89.0,Comunitaria,
MANIZALES,F,20.0,Comunitaria,
MANIZALES,M,38.0,Comunitaria,
MANIZALES,F,34.0,Comunitaria,
MANIZALES,M,32.0,Comunitaria,
MANIZALES,F,30.0,Comunitaria,
MANIZALES,F,69.0,Comunitaria,
MANIZALES,M,2.0,Comunitaria,
MANIZALES,F,28.0,Comunitaria,
MANIZALES,M,27.0,Comunitaria,
VILLAMARIA,F,56.0,Comunitaria,
MARINILLA,F,26.0,Relacionado,
MEDELLIN,M,37.0,Relacionado,
MEDELLIN,M,10.0,Relacionado,
PUERTO BERRIO,M,30.0,Comunitaria,
SAN ROQUE,F,29.0,Comunitaria,
CAUCASIA,F,23.0,Comunitaria,
MEDELLIN,M,50.0,Relacionado,
ENVIGADO,F,43.0,Relacionado,
MEDELLIN,F,55.0,Comunitaria,
MEDELLIN,F,25.0,Comunitaria,
MEDELLIN,M,35.0,Comunitaria,
MEDELLIN,F,63.0,Relacionado,
MEDELLIN,M,18.0,Relacionado,
SANTA FE DE ANTIOQUIA,F,25.0,Comunitaria,
DABEIBA,M,56.0,Comunitaria,
DABEIBA,M,45.0,Comunitaria,
SANTUARIO,M,21.0,Comunitaria,
VILLAVICENCIO,F,13.0,Relacionado,
ACACIAS,M,28.0,Comunitaria,
SUCRE,M,49.0,Comunitaria,
SANTA MARTA,M,61.0,Relacionado,
VILLAVICENCIO,M,24.0,Relacionado,
SOLEDAD,F,4.0,Comunitaria,
SOLEDAD,M,7.0,Comunitaria,
SOLEDAD,F,33.0,Comunitaria,
VILLAVICENCIO,M,76.0,Comunitaria,
SANTA MARTA,M,54.0,Relacionado,
SANTA MARTA,F,73.0,Comunitaria,
SANTA MARTA,F,62.0,Comunitaria,
SANTA MARTA,F,29.0,Comunitaria,
SANTA MARTA,M,73.0,Comunitaria,
JAMUNDI,M,24.0,Comunitaria,
PRADERA,F,42.0,Comunitaria,
JAMUNDI,M,40.0,Comunitaria,
JAMUNDI,M,40.0,Relacionado,
DAGUA,M,50.0,Relacionado,
PRADERA,M,29.0,Comunitaria,
PRADERA,M,48.0,Relacionado,
JAMUNDI,F,43.0,Comunitaria,
PRADERA,M,29.0,Comunitaria,
PRADERA,F,32.0,Comunitaria,
JAMUNDI,F,42.0,Relacionado,
JAMUNDI,M,44.0,Relacionado,
ALCALA,M,35.0,Comunitaria,
PRADERA,F,33.0,Comunitaria,
PRADERA,F,49.0,Comunitaria,
BUENAVENTURA,F,60.0,Comunitaria,
JAMUNDI,F,37.0,Relacionado,
YUMBO,M,21.0,Relacionado,
CANDELARIA,F,29.0,Comunitaria,
TULUA,M,22.0,Comunitaria,
BUGA,M,25.0,Comunitaria,
TULUA,M,33.0,Comunitaria,
BUGA,F,50.0,Relacionado,
BUGA,F,39.0,Comunitaria,
BUGA,F,15.0,Relacionado,
CARTAGO,F,53.0,Comunitaria,
TULUA,M,51.0,Comunitaria,
BUGA,M,17.0,Comunitaria,
BUGA,M,59.0,Relacionado,
BUGA,M,57.0,Comunitaria,
YUMBO,F,33.0,Relacionado,
BOLIVAR,F,43.0,Comunitaria,
PALMIRA,F,32.0,Comunitaria,
BUGA,F,19.0,Relacionado,
TULUA,F,29.0,Relacionado,
PRADERA,M,71.0,Comunitaria,
TULUA,M,24.0,Comunitaria,
PALMIRA,M,17.0,Relacionado,
CANDELARIA,F,23.0,Comunitaria,
PALMIRA,F,33.0,Comunitaria,
BUENAVENTURA,F,71.0,Comunitaria,
ANDALUCIA,M,24.0,Comunitaria,
CANDELARIA,F,30.0,Relacionado,
PALMIRA,F,39.0,Relacionado,
PALMIRA,F,84.0,Comunitaria,
YUMBO,F,44.0,Comunitaria,
YUMBO,F,21.0,Comunitaria,
JAMUNDI,F,42.0,Relacionado,
GUACARI,M,78.0,Relacionado,
PALMIRA,M,82.0,Comunitaria,
PALMIRA,M,56.0,Relacionado,
PALMIRA,F,53.0,Relacionado,
BUGA,M,67.0,Comunitaria,
PALMIRA,F,52.0,Relacionado,
PALMIRA,F,31.0,Relacionado,
PALMIRA,M,70.0,Comunitaria,
PALMIRA,M,30.0,Relacionado,
BARRANQUILLA,F,38.0,Comunitaria,
BARRANQUILLA,F,37.0,Comunitaria,
BARRANQUILLA,F,37.0,Relacionado,
BARRANQUILLA,F,37.0,Comunitaria,
BARRANQUILLA,F,37.0,Comunitaria,
BARRANQUILLA,F,37.0,Relacionado,
BARRANQUILLA,F,37.0,Relacionado,
BARRANQUILLA,F,37.0,Comunitaria,
BARRANQUILLA,F,36.0,Comunitaria,
BARRANQUILLA,F,36.0,Comunitaria,
BARRANQUILLA,F,39.0,Relacionado,
BARRANQUILLA,F,41.0,Relacionado,
BARRANQUILLA,F,42.0,Relacionado,
BARRANQUILLA,F,56.0,Comunitaria,
BARRANQUILLA,F,14.0,Relacionado,
BARRANQUILLA,M,10.0,Relacionado,
BARRANQUILLA,F,32.0,Comunitaria,
BARRANQUILLA,M,32.0,Comunitaria,
BARRANQUILLA,M,31.0,Relacionado,
BARRANQUILLA,F,31.0,Comunitaria,
BARRANQUILLA,F,31.0,Relacionado,
BARRANQUILLA,M,30.0,Comunitaria,
BARRANQUILLA,M,30.0,Relacionado,
BARRANQUILLA,F,29.0,Relacionado,
BARRANQUILLA,F,29.0,Comunitaria,
BARRANQUILLA,M,29.0,Comunitaria,
BARRANQUILLA,M,28.0,Relacionado,
BARRANQUILLA,M,27.0,Relacionado,
BARRANQUILLA,M,9.0,Comunitaria,
BARRANQUILLA,F,26.0,Comunitaria,
BARRANQUILLA,F,25.0,Relacionado,
BARRANQUILLA,M,22.0,Relacionado,
BARRANQUILLA,F,24.0,Relacionado,
BARRANQUILLA,M,20.0,Comunitaria,
BARRANQUILLA,M,22.0,Relacionado,
BARRANQUILLA,F,20.0,Comunitaria,
SANTA MARTA,F,67.0,Comunitaria,
MEDELLIN,M,68.0,Relacionado,
CUCUTA,F,27.0,Comunitaria,
BARRANQUILLA,F,27.0,Comunitaria,
BARRANQUILLA,M,21.0,Comunitaria,
ARACATACA,F,18.0,Relacionado,
SOLEDAD,F,23.0,Comunitaria,
IBAGUE,M,29.0,Comunitaria,
IBAGUE,F,34.0,Comunitaria,
CARTAGENA,F,21.0,Comunitaria,
CARTAGENA,F,23.0,Comunitaria,
MEDELLIN,M,61.0,Relacionado,
VILLAMARIA,F,32.0,Comunitaria,
MANIZALES,M,40.0,Comunitaria,
BARRANQUILLA,M,28.0,Relacionado,
BARRANQUILLA,M,5.0,Relacionado,
BARRANQUILLA,F,27.0,Comunitaria,
BARRANQUILLA,F,53.0,Comunitaria,
BARRANQUILLA,M,41.0,Comunitaria,
BARRANQUILLA,M,33.0,Relacionado,
BARRANQUILLA,M,33.0,Comunitaria,
BARRANQUILLA,F,17.0,Comunitaria,
BARRANQUILLA,M,90.0,Comunitaria,
BARRANQUILLA,M,56.0,Comunitaria,
BARRANQUILLA,M,37.0,Comunitaria,
BARRANQUILLA,M,34.0,Comunitaria,
BARRANQUILLA,F,92.0,Relacionado,
BARRANQUILLA,F,42.0,Comunitaria,
BARRANQUILLA,M,70.0,Relacionado,
BARRANQUILLA,F,52.0,Comunitaria,
BARRANQUILLA,F,65.0,Comunitaria,
BARRANQUILLA,F,51.0,Comunitaria,
BARRANQUILLA,M,27.0,Comunitaria,
BARRANQUILLA,M,56.0,Comunitaria,
BARRANQUILLA,F,46.0,Comunitaria,
BARRANQUILLA,M,55.0,Relacionado,
BARRANQUILLA,F,22.0,Relacionado,
BARRANQUILLA,M,20.0,Relacionado,
BARRANQUILLA,M,23.0,Comunitaria,
BARRANQUILLA,F,22.0,Relacionado,
BARRANQUILLA,F,42.0,Relacionado,
BARRANQUILLA,F,64.0,Relacionado,
BARRANQUILLA,F,50.0,Comunitaria,
BARRANQUILLA,M,32.0,Comunitaria,
BARRANQUILLA,F,26.0,Comunitaria,
BARRANQUILLA,M,54.0,Comunitaria,
BARRANQUILLA,M,32.0,Relacionado,
BARRANQUILLA,M,23.0,Relacionado,
BARRANQUILLA,M,14.0,Relacionado,
BARRANQUILLA,M,34.0,Comunitaria,
BARRANQUILLA,F,52.0,Relacionado,
BARRANQUILLA,M,25.0,Comunitaria,
BARRANQUILLA,M,39.0,Comunitaria,
BARRANQUILLA,M,51.0,Relacionado,
BARRANQUILLA,F,32.0,Relacionado,
BARRANQUILLA,M,33.0,Comunitaria,
BARRANQUILLA,F,54.0,Relacionado,
BARRANQUILLA,M,53.0,Relacionado,
BARRANQUILLA,F,19.0,Relacionado,
BARRANQUILLA,F,81.0,Comunitaria,
BARRANQUILLA,F,58.0,Comunitaria,
BARRANQUILLA,F,19.0,Relacionado,
BARRANQUILLA,M,37.0,Relacionado,
BARRANQUILLA,F,93.0,Comunitaria,
BARRANQUILLA,M,73.0,Relacionado,
BARRANQUILLA,F,29.0,Comunitaria,
BARRANQUILLA,M,28.0,Relacionado,
BARRANQUILLA,M,29.0,Comunitaria,
BARRANQUILLA,M,32.0,Comunitaria,
BARRANQUILLA,M,34.0,Comunitaria,
BARRANQUILLA,F,71.0,Comunitaria,
BARRANQUILLA,F,40.0,Relacionado,
BARRANQUILLA,F,49.0,Relacionado,
BARRANQUILLA,F,51.0,Comunitaria,
BARRANQUILLA,M,54.0,Comunitaria,
BARRANQUILLA,F,85.0,Relacionado,
BARRANQUILLA,F,69.0,Comunitaria,
BARRANQUILLA,F,94.0,Comunitaria,
BARRANQUILLA,F,43.0,Comunitaria,
BARRANQUILLA,F,87.0,Comunitaria,
BARRANQUILLA,M,55.0,Comunitaria,
BARRANQUILLA,M,52.0,Comunitaria,
BARRANQUILLA,M,71.0,Comunitaria,
BARRANQUILLA,F,7.0,Relacionado,
BARRANQUILLA,M,77.0,Relacionado,
BARRANQUILLA,M,48.0,Relacionado,
BARRANQUILLA,M,47.0,Comunitaria,
BARRANQUILLA,F,39.0,Comunitaria,
BARRANQUILLA,M,34.0,Comunitaria,
BARRANQUILLA,M,19.0,Comunitaria,
BARRANQUILLA,F,32.0,Comunitaria,
BARRANQUILLA,F,32.0,Comunitaria,
BARRANQUILLA,F,44.0,Comunitaria,
BARRANQUILLA,F,35.0,Comunitaria,
BARRANQUILLA,M,58.0,Relacionado,
BARRANQUILLA,F,2.0,Comunitaria,
BARRANQUILLA,M,60.0,Comunitaria,
BARRANQUILLA,M,33.0,Comunitaria,
BARRANQUILLA,M,30.0,Comunitaria,
BARRANQUILLA,M,19.0,Comunitaria,
BARRANQUILLA,M,23.0,Relacionado,
BARRANQUILLA,M,29.0,Comunitaria,
BARRANQUILLA,F,7.0,Comunitaria,
BARRANQUILLA,M,15.0,Comunitaria,
BARRANQUILLA,M,9.0,Relacionado,
BARRANQUILLA,M,9.0,Relacionado,
BARRANQUILLA,F,27.0,Comunitaria,
BARRANQUILLA,M,6.0,Relacionado,
BARRANQUILLA,F,1.0,Relacionado,
BARRANQUILLA,F,33.0,Relacionado,
BARRANQUILLA,F,34.0,Comunitaria,
BARRANQUILLA,F,26.0,Relacionado,
BARRANQUILLA,M,23.0,Comunitaria,
BARRANQUILLA,F,29.0,Comunitaria,
BARRANQUILLA,F,32.0,Relacionado,
BARRANQUILLA,F,24.0,Comunitaria,
BARRANQUILLA,F,20.0,Comunitaria,
BARRANQUILLA,F,10.0,Relacionado,
BARRANQUILLA,F,35.0,Relacionado,
BARRANQUILLA,F,17.0,Relacionado,
BARRANQUILLA,M,28.0,Relacionado,
BARRANQUILLA,F,14.0,Comunitaria,
BARRANQUILLA,F,7.0,Comunitaria,
BARRANQUILLA,M,33.0,Comunitaria,
BARRANQUILLA,F,7.0,Relacionado,
BARRANQUILLA,M,16.0,Relacionado,
BARRANQUILLA,F,35.0,Relacionado,
BARRANQUILLA,F,33.0,Relacionado,
BARRANQUILLA,F,33.0,Comunitaria,
BARRANQUILLA,F,38.0,Comunitaria,
BARRANQUILLA,M,17.0,Relacionado,
BARRANQUILLA,F,32.0,Relacionado,
BARRANQUILLA,F,32.0,Comunitaria,
BARRANQUILLA,M,35.0,Relacionado,
BARRANQUILLA,F,34.0,Comunitaria,
BARRANQUILLA,M,34.0,Comunitaria,
BARRANQUILLA,M,17.0,Relacionado,
BARRANQUILLA,F,34.0,Relacionado,
BARRANQUILLA,F,33.0,Relacionado,
BARRANQUILLA,F,14.0,Relacionado,
BARRANQUILLA,F,35.0,Comunitaria,
BARRANQUILLA,F,35.0,Comunitaria,
BARRANQUILLA,M,34.0,Relacionado,
BARRANQUILLA,F,33.0,Relacionado,
BARRANQUILLA,M,14.0,Relacionado,
BARRANQUILLA,F,8.0,Relacionado,
BARRANQUILLA,F,31.0,Relacionado,
BARRANQUILLA,F,31.0,Relacionado,
BARRANQUILLA,M,31.0,Comunitaria,
BARRANQUILLA,M,31.0,Comunitaria,
BARRANQUILLA,M,30.0,Comunitaria,
BARRANQUILLA,M,30.0,Comunitaria,
BARRANQUILLA,F,31.0,Comunitaria,
BARRANQUILLA,F,29.0,Relacionado,
BARRANQUILLA,F,29.0,Relacionado,
BARRANQUILLA,M,29.0,Comunitaria,
BARRANQUILLA,M,28.0,Relacionado,
BARRANQUILLA,M,27.0,Comunitaria,
BARRANQUILLA,F,27.0,Comunitaria,
BARRANQUILLA,M,27.0,Relacionado,
BARRANQUILLA,M,27.0,Relacionado,
BARRANQUILLA,M,27.0,Comunitaria,
BARRANQUILLA,M,27.0,Relacionado,
BARRANQUILLA,F,26.0,Relacionado,
BARRANQUILLA,F,26.0,Comunitaria,
BARRANQUILLA,M,26.0,Relacionado,
BARRANQUILLA,F,26.0,Relacionado,
BARRANQUILLA,F,25.0,Relacionado,
BARRANQUILLA,M,25.0,Comunitaria,
BARRANQUILLA,M,24.0,Comunitaria,
BARRANQUILLA,F,24.0,Comunitaria,
BARRANQUILLA,M,22.0,Relacionado,
BARRANQUILLA,M,22.0,Relacionado,
BARRANQUILLA,F,21.0,Relacionado,
BARRANQUILLA,M,30.0,Comunitaria,
BARRANQUILLA,M,30.0,Comunitaria,
BARRANQUILLA,F,28.0,Relacionado,
BARRANQUILLA,F,28.0,Comunitaria,
BARRANQUILLA,M,27.0,Relacionado,
BARRANQUILLA,F,53.0,Relacionado,
BARRANQUILLA,F,52.0,Comunitaria,
BARRANQUILLA,M,64.0,Comunitaria,
BARRANQUILLA,M,40.0,Comunitaria,
BARRANQUILLA,M,53.0,Relacionado,
BARRANQUILLA,M,49.0,Comunitaria,
BARRANQUILLA,M,44.0,Comunitaria,
BARRANQUILLA,M,43.0,Comunitaria,
BARRANQUILLA,M,43.0,Relacionado,
BARRANQUILLA,M,42.0,Relacionado,
BARRANQUILLA,M,42.0,Relacionado,
BARRANQUILLA,M,42.0,Comunitaria,
BARRANQUILLA,M,35.0,Comunitaria,
BARRANQUILLA,M,56.0,Relacionado,
BARRANQUILLA,M,56.0,Relacionado,
BARRANQUILLA,F,55.0,Comunitaria,
BARRANQUILLA,M,55.0,Relacionado,
BARRANQUILLA,M,54.0,Comunitaria,
BARRANQUILLA,M,54.0,Comunitaria,
BARRANQUILLA,M,54.0,Relacionado,
BARRANQUILLA,M,53.0,Relacionado,
BARRANQUILLA,M,53.0,Comunitaria,
BARRANQUILLA,M,52.0,Comunitaria,
BARRANQUILLA,M,52.0,Comunitaria,
MEDELLIN,F,64.0,Relacionado,
BARRANQUILLA,F,14.0,Relacionado,
BARRANQUILLA,F,13.0,Relacionado,
BARRANQUILLA,M,55.0,Comunitaria,
BARRANQUILLA,M,51.0,Comunitaria,
BARRANQUILLA,F,27.0,Comunitaria,
BARRANQUILLA,F,14.0,Relacionado,
BARRANQUILLA,M,26.0,Comunitaria,
BARRANQUILLA,F,8.0,Relacionado,
BARRANQUILLA,M,17.0,Relacionado,
BARRANQUILLA,F,15.0,Relacionado,
BARRANQUILLA,F,31.0,Relacionado,
BARRANQUILLA,M,14.0,Relacionado,
BARRANQUILLA,M,30.0,Comunitaria,
BARRANQUILLA,F,22.0,Comunitaria,
BARRANQUILLA,M,55.0,Comunitaria,
BARRANQUILLA,F,21.0,Comunitaria,
BARRANQUILLA,M,18.0,Relacionado,
BARRANQUILLA,F,26.0,Comunitaria,
BARRANQUILLA,M,20.0,Comunitaria,
BARRANQUILLA,M,20.0,Comunitaria,
BARRANQUILLA,F,30.0,Relacionado,
BARRANQUILLA,F,35.0,Relacionado,
BARRANQUILLA,F,38.0,Relacionado,
BARRANQUILLA,F,62.0,Comunitaria,
BARRANQUILLA,F,69.0,Comunitaria,
BARRANQUILLA,F,79.0,Relacionado,
BARRANQUILLA,F,53.0,Comunitaria,
BARRANQUILLA,F,35.0,Relacionado,
BARRANQUILLA,F,6.0,Relacionado,
BARRANQUILLA,M,7.0,Relacionado,
BARRANQUILLA,M,20.0,Comunitaria,
BARRANQUILLA,M,26.0,Comunitaria,
BARRANQUILLA,M,48.0,Comunitaria,
BARRANQUILLA,F,63.0,Relacionado,
BARRANQUILLA,M,32.0,Comunitaria,
BARRANQUILLA,M,40.0,Comunitaria,
BARRANQUILLA,M,36.0,Comunitaria,
BARRANQUILLA,F,21.0,Relacionado,
BARRANQUILLA,M,32.0,Comunitaria,
BARRANQUILLA,F,22.0,Relacionado,
BARRANQUILLA,F,40.0,Relacionado,
BARRANQUILLA,F,40.0,Comunitaria,
BARRANQUILLA,F,38.0,Comunitaria,
BARRANQUILLA,F,21.0,Comunitaria,
BARRANQUILLA,F,31.0,Relacionado,
BARRANQUILLA,M,25.0,Comunitaria,
BARRANQUILLA,M,39.0,Relacionado,
BARRANQUILLA,M,19.0,Relacionado,
BARRANQUILLA,M,41.0,Relacionado,
BARRANQUILLA,M,14.0,Comunitaria,
BARRANQUILLA,F,24.0,Comunitaria,
BARRANQUILLA,M,28.0,Comunitaria,
BARRANQUILLA,M,25.0,Relacionado,
BARRANQUILLA,M,22.0,Comunitaria,
BARRANQUILLA,F,28.0,Relacionado,
BARRANQUILLA,F,28.0,Relacionado,
BARRANQUILLA,F,59.0,Relacionado,
BARRANQUILLA,F,54.0,Comunitaria,
BARRANQUILLA,M,52.0,Comunitaria,
BARRANQUILLA,F,45.0,Comunitaria,
BARRANQUILLA,F,25.0,Relacionado,
BARRANQUILLA,F,23.0,Relacionado,
BARRANQUILLA,F,33.0,Relacionado,
BARRANQUILLA,M,29.0,Comunitaria,
BARRANQUILLA,F,26.0,Comunitaria,
BARRANQUILLA,M,42.0,Relacionado,
BARRANQUILLA,M,41.0,Comunitaria,
BARRANQUILLA,M,40.0,Relacionado,
BARRANQUILLA,F,68.0,Relacionado,
BARRANQUILLA,F,57.0,Comunitaria,
BARRANQUILLA,F,47.0,Relacionado,
BARRANQUILLA,F,61.0,Relacionado,
BARRANQUILLA,F,38.0,Relacionado,
BARRANQUILLA,F,75.0,Comunitaria,
BARRANQUILLA,F,59.0,Relacionado,
BARRANQUILLA,F,36.0,Relacionado,
BARRANQUILLA,M,38.0,Comunitaria,
BARRANQUILLA,M,37.0,Comunitaria,
BARRANQUILLA,M,37.0,Relacionado,
BARRANQUILLA,F,31.0,Relacionado,
BARRANQUILLA,M,19.0,Relacionado,
BARRANQUILLA,M,18.0,Comunitaria,
BARRANQUILLA,F,37.0,Relacionado,
BARRANQUILLA,M,81.0,Relacionado,
BARRANQUILLA,F,28.0,Relacionado,
BARRANQUILLA,M,66.0,Comunitaria,
BARRANQUILLA,M,66.0,Relacionado,
BARRANQUILLA,M,34.0,Comunitaria,
BARRANQUILLA,M,26.0,Comunitaria,
BARRANQUILLA,M,35.0,Relacionado,
BARRANQUILLA,F,61.0,Comunitaria,
BARRANQUILLA,F,55.0,Relacionado,
BARRANQUILLA,F,49.0,Relacionado,
BARRANQUILLA,F,27.0,Relacionado,
BARRANQUILLA,M,45.0,Relacionado,
BARRANQUILLA,M,41.0,Relacionado,
BARRANQUILLA,M,36.0,Comunitaria,
BARRANQUILLA,M,34.0,Relacionado,
BARRANQUILLA,F,27.0,Relacionado,
BARRANQUILLA,F,23.0,Comunitaria,
BARRANQUILLA,F,26.0,Comunitaria,
BARRANQUILLA,F,28.0,Comunitaria,
BARRANQUILLA,F,35.0,Comunitaria,
BARRANQUILLA,M,34.0,Comunitaria,
MEDELLIN,F,69.0,Comunitaria,
SAN JERONIMO,F,61.0,Comunitaria,
MEDELLIN,F,85.0,Comunitaria,
MEDELLIN,F,78.0,Relacionado,
ENVIGADO,F,77.0,Relacionado,
MEDELLIN,F,92.0,Comunitaria,
MEDELLIN,F,86.0,Comunitaria,
GOMEZ PLATA,F,82.0,Comunitaria,
PASTO,F,33.0,Comunitaria,
IBAGUE,F,48.0,Comunitaria,
MOMIL,F,39.0,Comunitaria,
PASTO,F,32.0,Comunitaria,
CARTAGENA,M,31.0,Comunitaria,
POPAYAN,F,55.0,Comunitaria,
FUNZA,M,33.0,Relacionado,
IBAGUE,F,40.0,Comunitaria,
PEREIRA,M,29.0,Relacionado,
GIRARDOT,F,59.0,Comunitaria,
PASTO,F,42.0,Relacionado,
CAJICA,F,40.0,Comunitaria,
LOS PATIOS,F,57.0,Comunitaria,
MANIZALES,F,27.0,Comunitaria,
MANIZALES,F,28.0,Comunitaria,
TOLU,F,38.0,Comunitaria,
VILLAVICENCIO,M,24.0,Comunitaria,
ARACATACA,F,49.0,Comunitaria,
TOCANCIPA,F,22.0,Relacionado,
VILLAVICENCIO,F,61.0,Comunitaria,
ARMENIA,M,9.0,Comunitaria,
VILLAVICENCIO,M,23.0,Comunitaria,
VILLA DEL ROSARIO,M,34.0,Comunitaria,
VILLA DEL ROSARIO,M,70.0,Comunitaria,
CUCUTA,M,27.0,Comunitaria,
ACACIAS,F,48.0,Comunitaria,
VILLAVICENCIO,F,49.0,Comunitaria,
CUCUTA,F,66.0,Comunitaria,
USIACURI,M,58.0,Relacionado,
CARTAGENA,M,47.0,Comunitaria,
CALI,F,3.0,Relacionado,
CALI,F,7.0,Relacionado,
CALI,F,5.0,Comunitaria,
CALI,F,35.0,Comunitaria,
CALI,M,39.0,Comunitaria,
CALI,M,25.0,Relacionado,
CALI,M,28.0,Comunitaria,
CALI,M,34.0,Comunitaria,
CALI,F,28.0,Comunitaria,
CALI,F,34.0,Comunitaria,
CALI,F,29.0,Comunitaria,
CALI,F,29.0,Comunitaria,
CALI,F,27.0,Comunitaria,
CALI,F,27.0,Comunitaria,
CALI,M,26.0,Comunitaria,
CALI,F,29.0,Comunitaria,
CALI,F,30.0,Comunitaria,
CALI,M,29.0,Relacionado,
CALI,F,26.0,Comunitaria,
CALI,M,26.0,Comunitaria,
CALI,M,25.0,Comunitaria,
CALI,F,24.0,Relacionado,
CALI,M,30.0,Relacionado,
CALI,F,27.0,Relacionado,
CALI,F,26.0,Comunitaria,
CALI,M,23.0,Comunitaria,
CALI,F,24.0,Comunitaria,
CALI,F,2.0,Relacionado,
FLORIDABLANCA,M,36.0,Comunitaria,
BUCARAMANGA,M,31.0,Relacionado,
BARRANCABERMEJA,M,45.0,Comunitaria,
FLORIDABLANCA,F,4.0,Relacionado,
GIRON,F,26.0,Comunitaria,
BUCARAMANGA,M,66.0,Relacionado,
FLORIDABLANCA,F,56.0,Comunitaria,
FLORIDABLANCA,M,14.0,Relacionado,
FLORIDABLANCA,F,36.0,Relacionado,
FLORIDABLANCA,F,52.0,Relacionado,
FLORIDABLANCA,M,22.0,Relacionado,
BUCARAMANGA,M,36.0,Comunitaria,
GIRON,M,37.0,Relacionado,
FLORIDABLANCA,M,49.0,Relacionado,
FLORIDABLANCA,F,28.0,Comunitaria,
FLORIDABLANCA,M,42.0,Relacionado,
FLORIDABLANCA,M,2.0,Relacionado,
BUCARAMANGA,F,75.0,Comunitaria,
BUCARAMANGA,M,52.0,Comunitaria,
BARRANQUILLA,F,26.0,Comunitaria,
BARRANQUILLA,M,32.0,Comunitaria,
BARRANQUILLA,F,30.0,Comunitaria,
BARRANQUILLA,F,25.0,Relacionado,
BARRANQUILLA,M,28.0,Relacionado,
BARRANQUILLA,F,24.0,Comunitaria,
BARRANQUILLA,F,23.0,Comunitaria,
BARRANQUILLA,F,21.0,Relacionado,
BARRANQUILLA,M,26.0,Relacionado,
BARRANQUILLA,M,22.0,Relacionado,
BARRANQUILLA,F,21.0,Comunitaria,
BARRANQUILLA,F,28.0,Comunitaria,
BARRANQUILLA,F,4.0,Relacionado,
BARRANQUILLA,M,23.0,Relacionado,
BARRANQUILLA,M,20.0,Relacionado,
BARRANQUILLA,M,19.0,Relacionado,
BARRANQUILLA,M,22.0,Comunitaria,
BARRANQUILLA,F,23.0,Comunitaria,
BARRANQUILLA,M,76.0,Comunitaria,
BARRANQUILLA,M,58.0,Relacionado,
BARRANQUILLA,M,52.0,Relacionado,
BARRANQUILLA,M,67.0,Relacionado,
BARRANQUILLA,M,64.0,Relacionado,
BARRANQUILLA,F,80.0,Relacionado,
BARRANQUILLA,M,34.0,Comunitaria,
BARRANQUILLA,M,21.0,Relacionado,
BARRANQUILLA,M,6.0,Comunitaria,
BARRANQUILLA,F,18.0,Comunitaria,
BARRANQUILLA,F,58.0,Comunitaria,
BARRANQUILLA,F,31.0,Comunitaria,
BARRANQUILLA,F,40.0,Relacionado,
BARRANQUILLA,F,73.0,Relacionado,
BARRANQUILLA,M,40.0,Comunitaria,
BARRANQUILLA,F,43.0,Comunitaria,
BARRANQUILLA,F,54.0,Relacionado,
BARRANQUILLA,F,44.0,Comunitaria,
BARRANQUILLA,F,23.0,Relacionado,
CIENAGA,F,68.0,Relacionado,
MAICAO,M,33.0,Relacionado,
VALLEDUPAR,M,38.0,Comunitaria,
VALLEDUPAR,F,54.0,Relacionado,
GALAPA,M,33.0,Relacionado,
MANIZALES,F,28.0,Comunitaria,
MALAMBO,F,48.0,Comunitaria,
SANTA MARTA,F,50.0,Relacionado,
BARANOA,F,41.0,Relacionado,
RIOHACHA,M,55.0,Comunitaria,
CIENAGA,M,33.0,Comunitaria,
FLANDES,M,43.0,Comunitaria,
PASTO,M,59.0,Comunitaria,
PLATO,F,35.0,Relacionado,
COVEÑAS,M,13.0,Comunitaria,
SANTA MARTA,F,25.0,Comunitaria,
CARTAGENA,M,60.0,Comunitaria,
CAMPOALEGRE,F,88.0,Comunitaria,
CARTAGENA,F,25.0,Relacionado,
SOLEDAD,F,32.0,Relacionado,
TURBACO,M,36.0,Comunitaria,
SOLEDAD,F,25.0,Comunitaria,
COROZAL,F,29.0,Relacionado,
BECERRIL,F,43.0,Relacionado,
PUERTO COLOMBIA,M,22.0,Relacionado,
RIOHACHA,M,23.0,Comunitaria,
SINCELEJO,M,35.0,Comunitaria,
TUNJA,F,34.0,Comunitaria,
SANTA MARTA,F,31.0,Comunitaria,
MANIZALES,F,32.0,Comunitaria,
SANTA MARTA,M,38.0,Comunitaria,
PEREIRA,F,67.0,Comunitaria,
ARIGUANI (EL DIFICIL),F,55.0,Relacionado,
SANTA MARTA,M,49.0,Relacionado,
SANTA MARTA,F,24.0,Comunitaria,
RIOHACHA,M,60.0,Relacionado,
SANTA MARTA,F,18.0,Comunitaria,
PIVIJAY,M,16.0,Relacionado,
CUCUTA,F,20.0,Relacionado,
IBAGUE,M,68.0,Relacionado,
TURBACO,M,64.0,Comunitaria,
SOLEDAD,M,18.0,Comunitaria,
AGUSTIN CODAZZI,F,42.0,Comunitaria,
TUCHIN,F,61.0,Relacionado,
VALLEDUPAR,M,41.0,Comunitaria,
DOSQUEBRADAS,F,17.0,Comunitaria,
COROZAL,F,84.0,Comunitaria,
VALLEDUPAR,F,29.0,Comunitaria,
SANTA MARTA,F,27.0,Comunitaria,
SOLEDAD,M,39.0,Comunitaria,
MALAMBO,F,31.0,Comunitaria,
PEREIRA,F,24.0,Comunitaria,
SANTA MARTA,F,19.0,Relacionado,
CIENAGA,M,69.0,Relacionado,
CAMPO DE LA CRUZ,M,71.0,Comunitaria,
EL PASO,F,49.0,Comunitaria,
SANTA MARTA,M,56.0,Relacionado,
JUAN DE ACOSTA,M,40.0,Relacionado,
LETICIA,M,23.0,Comunitaria,
SANTA MARTA,F,70.0,Relacionado,
RIOHACHA,F,69.0,Relacionado,
SANTA MARTA,M,34.0,Relacionado,
MAICAO,F,29.0,Comunitaria,
CAMPO DE LA CRUZ,F,51.0,Comunitaria,
MAICAO,M,34.0,Comunitaria,
BARRANQUILLA,M,36.0,Comunitaria,
RIOHACHA,M,51.0,Relacionado,
VALLEDUPAR,F,48.0,Comunitaria,
COVEÑAS,M,15.0,Comunitaria,
BARBOSA,M,21.0,Comunitaria,
SANTA MARTA,F,64.0,Comunitaria,
SABANALARGA,M,59.0,Comunitaria,
SANTA MARTA,F,24.0,Comunitaria,
TUNJA,F,34.0,Comunitaria,
VALLEDUPAR,M,29.0,Comunitaria,
MAICAO,F,53.0,Comunitaria,
CERETE,M,12.0,Comunitaria,
SANTA MARTA,F,32.0,Comunitaria,
PUERTO GAITAN,M,39.0,Relacionado,
NEIVA,F,4.0,Relacionado,
SANTA MARTA,M,42.0,Relacionado,
DOSQUEBRADAS,M,25.0,Relacionado,
CARTAGENA,M,30.0,Comunitaria,
SANTA MARTA,M,37.0,Comunitaria,
SANTA MARTA,M,12.0,Relacionado,
CIENAGA,M,24.0,Relacionado,
ARMENIA,F,43.0,Comunitaria,
SANTA MARTA,M,73.0,Relacionado,
CERETE,F,91.0,Relacionado,
CIENAGA,F,23.0,Relacionado,
MANIZALES,M,46.0,Relacionado,
SANTA MARTA,M,20.0,Comunitaria,
SESQUILE,F,14.0,Relacionado,
SANTA MARTA,F,62.0,Comunitaria,
PUERTO COLOMBIA,M,31.0,Relacionado,
SOLEDAD,F,23.0,Comunitaria,
SUPIA,M,30.0,Comunitaria,
SANTA MARTA,M,37.0,Relacionado,
SANTA MARTA,M,24.0,Relacionado,
SANTA MARTA,M,85.0,Comunitaria,
SANTA MARTA,M,43.0,Comunitaria,
NEIVA,M,43.0,Comunitaria,
CHIA,F,28.0,Relacionado,
SAN PELAYO,M,50.0,Comunitaria,
CAMPOALEGRE,M,37.0,Relacionado,
CIENAGA,F,12.0,Comunitaria,
SANTA MARTA,F,28.0,Relacionado,
VALLEDUPAR,M,52.0,Relacionado,
CERETE,M,23.0,Comunitaria,
CAMPOALEGRE,M,72.0,Comunitaria,
SOLEDAD,M,28.0,Comunitaria,
EL BANCO,M,32.0,Comunitaria,
LA JAGUA DE IBIRICO,F,26.0,Comunitaria,
LA JAGUA DE IBIRICO,M,9.0,Relacionado,
SANTA MARTA,F,67.0,Relacionado,
SANTA MARTA,F,66.0,Comunitaria,
SANTA MARTA,F,61.0,Relacionado,
SANTA MARTA,F,55.0,Relacionado,
SANTA MARTA,F,54.0,Relacionado,
ARJONA,F,57.0,Comunitaria,
SANTO TOMAS,F,76.0,Relacionado,
PALMAR DE VARELA,F,76.0,Relacionado,
PALMAR DE VARELA,F,48.0,Relacionado,
SABANAGRANDE,F,49.0,Relacionado,
SOACHA,M,25.0,Comunitaria,
YOPAL,F,39.0,Comunitaria,
MADRID,F,30.0,Relacionado,
CUCUTA,M,28.0,Relacionado,
NEIRA,F,37.0,Relacionado,
CUCUTA,M,33.0,Relacionado,
MANIZALES,M,29.0,Relacionado,
VALLEDUPAR,M,55.0,Comunitaria,
MANIZALES,F,85.0,Relacionado,
CIENAGA,F,15.0,Relacionado,
CUCUTA,F,35.0,Comunitaria,
CUCUTA,F,33.0,Relacionado,
LOS PATIOS,F,30.0,Relacionado,
CUCUTA,F,26.0,Relacionado,
CUCUTA,F,28.0,Comunitaria,
SOLEDAD,F,39.0,Relacionado,
SOACHA,F,42.0,Comunitaria,
MADRID,F,57.0,Comunitaria,
NEIVA,F,4.0,Relacionado,
MANIZALES,M,37.0,Relacionado,
YOPAL,F,7.0,Relacionado,
SOLEDAD,F,55.0,Comunitaria,
SOLEDAD,F,34.0,Comunitaria,
AGUACHICA,F,27.0,Comunitaria,
EL PASO,F,27.0,Comunitaria,
EL PASO,M,22.0,Relacionado,
SANTA MARTA,M,57.0,Comunitaria,
MANIZALES,M,65.0,Comunitaria,
SANTA MARTA,F,69.0,Comunitaria,
TUBARA,F,74.0,Relacionado,
FUNZA,M,28.0,Relacionado,
FUNZA,F,21.0,Comunitaria,
AGUSTIN CODAZZI,F,68.0,Relacionado,
LA JAGUA DE IBIRICO,F,44.0,Relacionado,
EL PASO,F,46.0,Comunitaria,
POPAYAN,M,52.0,Comunitaria,
MONTERIA,F,41.0,Relacionado,
ARAUCA,M,19.0,Relacionado,
GALAPA,F,20.0,Comunitaria,
ARAUCA,M,20.0,Relacionado,
ARAUCA,M,19.0,Relacionado,
GALAPA,F,20.0,Relacionado,
VALLEDUPAR,F,19.0,Relacionado,
MANIZALES,F,18.0,Comunitaria,
EL PASO,M,30.0,Comunitaria,
VILLAVICENCIO,F,52.0,Relacionado,
CARTAGENA,M,31.0,Comunitaria,
SESQUILE,M,30.0,Comunitaria,
GUATEQUE,M,62.0,Comunitaria,
YOPAL,M,4.0,Relacionado,
FUNZA,M,21.0,Comunitaria,
FACATATIVA,F,35.0,Relacionado,
GALAPA,F,30.0,Comunitaria,
ARMENIA,M,10.0,Relacionado,
GALAPA,F,24.0,Relacionado,
MANIZALES,F,24.0,Relacionado,
LA DORADA,M,15.0,Comunitaria,
VILLAMARIA,M,10.0,Relacionado,
MANIZALES,F,5.0,Relacionado,
ZONA BANANERA,M,19.0,Comunitaria,
MANIZALES,M,19.0,Relacionado,
IPIALES,M,36.0,Relacionado,
BOSCONIA,F,27.0,Comunitaria,
SAN ALBERTO,M,10.0,Comunitaria,
SOLEDAD,M,32.0,Comunitaria,
SOLEDAD,M,43.0,Relacionado,
ZONA BANANERA,M,42.0,Comunitaria,
DOSQUEBRADAS,M,55.0,Comunitaria,
SINCELEJO,M,55.0,Relacionado,
SANTA MARTA,M,10.0,Relacionado,
SOLEDAD,F,15.0,Comunitaria,
SOLEDAD,M,46.0,Comunitaria,
CHIQUINQUIRA,F,17.0,Relacionado,
SINCELEJO,F,48.0,Comunitaria,
SOACHA,M,21.0,Comunitaria,
SINCELEJO,F,17.0,Relacionado,
ARMENIA,M,42.0,Relacionado,
ARMENIA,M,35.0,Relacionado,
ARMENIA,F,45.0,Relacionado,
SOLEDAD,F,61.0,Comunitaria,
MANIZALES,F,57.0,Comunitaria,
ARMENIA,F,70.0,Relacionado,
VILLAMARIA,F,22.0,Comunitaria,
SOACHA,F,46.0,Relacionado,
ARMENIA,M,25.0,Comunitaria,
ARMENIA,M,25.0,Comunitaria,
EL CALVARIO,M,25.0,Comunitaria,
ARMENIA,F,25.0,Relacionado,
CIRCASIA,F,24.0,Relacionado,
DOSQUEBRADAS,M,87.0,Relacionado,
COMBITA,F,52.0,Relacionado,
QUIBDO,F,73.0,Comunitaria,
ARIGUANI (EL DIFICIL),M,54.0,Relacionado,
VALLEDUPAR,M,38.0,Comunitaria,
DOSQUEBRADAS,F,61.0,Comunitaria,
MANIZALES,F,73.0,Comunitaria,
ARMENIA,M,42.0,Relacionado,
DOSQUEBRADAS,M,41.0,Comunitaria,
SOLEDAD,M,70.0,Relacionado,
RIOHACHA,M,52.0,Comunitaria,
CIRCASIA,M,8.0,Relacionado,
VALLEDUPAR,M,37.0,Comunitaria,
ESPINAL,M,64.0,Comunitaria,
POPAYAN,F,92.0,Comunitaria,
ARMENIA,M,37.0,Relacionado,
PEREIRA,M,20.0,Comunitaria,
PASTO,M,62.0,Relacionado,
FLORENCIA,F,17.0,Comunitaria,
DOSQUEBRADAS,M,17.0,Relacionado,
ARMENIA,F,30.0,Relacionado,
TUNJA,M,35.0,Comunitaria,
PEREIRA,M,51.0,Relacionado,
FLORENCIA,F,36.0,Relacionado,
PURIFICACION,M,84.0,Comunitaria,
ARMENIA,M,96.0,Relacionado,
ESPINAL,M,75.0,Comunitaria,
SOTARA,F,49.0,Comunitaria,
SOGAMOSO,M,50.0,Relacionado,
ARMENIA,M,40.0,Relacionado,
SOLEDAD,M,57.0,Relacionado,
SOGAMOSO,M,56.0,Relacionado,
IBAGUE,F,46.0,Comunitaria,
DOSQUEBRADAS,F,35.0,Relacionado,
PASTO,F,57.0,Relacionado,
FUNZA,F,39.0,Relacionado,
CARTAGENA,F,34.0,Comunitaria,
FRESNO,M,80.0,Comunitaria,
SOGAMOSO,F,61.0,Comunitaria,
AGUA DE DIOS,M,62.0,Relacionado,
CARTAGENA,F,27.0,Comunitaria,
APIA,F,83.0,Relacionado,
SOACHA,F,42.0,Comunitaria,
SALDAÑA,M,36.0,Comunitaria,
MADRID,F,23.0,Relacionado,
BELEN DE UMBRIA,M,80.0,Relacionado,
SILVANIA,F,18.0,Relacionado,
FACATATIVA,M,14.0,Comunitaria,
GARAGOA,F,32.0,Comunitaria,
MANIZALES,F,19.0,Comunitaria,
MANIZALES,M,55.0,Comunitaria,
MANIZALES,M,44.0,Relacionado,
CALI,F,22.0,Comunitaria,
CALI,F,15.0,Comunitaria,
CALI,F,14.0,Relacionado,
ARMENIA,F,40.0,Relacionado,
ARMENIA,F,3.0,Relacionado,
ZIPAQUIRA,F,63.0,Comunitaria,
LETICIA,M,56.0,Comunitaria,
ZIPAQUIRA,F,20.0,Comunitaria,
DUITAMA,M,25.0,Relacionado,
SAN FRANCISCO,F,53.0,Relacionado,
PUERTO NARIÑO,F,32.0,Relacionado,
SOACHA,F,2.0,Relacionado,
SOLEDAD,M,19.0,Comunitaria,
CARTAGENA,F,19.0,Comunitaria,
LA DORADA,F,21.0,Comunitaria,
CUCUTA,F,46.0,Relacionado,
SANTA MARTA,M,22.0,Comunitaria,
MANIZALES,F,24.0,Comunitaria,
VILLAMARIA,M,23.0,Comunitaria,
ILES,M,22.0,Comunitaria,
MANIZALES,M,23.0,Relacionado,
MANIZALES,F,21.0,Relacionado,
CHINCHINA,M,28.0,Comunitaria,
CHINCHINA,M,27.0,Comunitaria,
POPAYAN,M,11.0,Relacionado,
CAMPO DE LA CRUZ,F,50.0,Comunitaria,
MANIZALES,M,57.0,Relacionado,
SOLEDAD,M,80.0,Relacionado,
AGUSTIN CODAZZI,M,21.0,Comunitaria,
ARACATACA,M,30.0,Relacionado,
CAMPO DE LA CRUZ,F,13.0,Comunitaria,
SACHICA,F,40.0,Relacionado,
SAN PABLO,F,26.0,Comunitaria,
VILLAVICENCIO,F,22.0,Comunitaria,
FUSAGASUGA,F,12.0,Comunitaria,
TUCHIN,F,19.0,Relacionado,
TOCANCIPA,F,1.0,Comunitaria,
CARTAGENA,F,24.0,Relacionado,
CARTAGENA,F,13.0,Relacionado,
SUESCA,M,35.0,Comunitaria,
MANIZALES,M,12.0,Relacionado,
VILLAVICENCIO,M,2.0,Comunitaria,
CARTAGENA,F,17.0,Comunitaria,
MOSQUERA,M,15.0,Comunitaria,
TOCANCIPA,F,32.0,Comunitaria,
NEIVA,M,50.0,Comunitaria,
VALLEDUPAR,F,44.0,Comunitaria,
VILLAVICENCIO,M,40.0,Comunitaria,
ARMENIA,M,28.0,Relacionado,
MANIZALES,F,46.0,Comunitaria,
CARTAGENA,F,2.0,Relacionado,
SIBATE,F,33.0,Comunitaria,
VILLA DE LEYVA,M,41.0,Comunitaria,
MADRID,M,29.0,Comunitaria,
CARTAGENA,F,56.0,Comunitaria,
VILLAVICENCIO,M,53.0,Comunitaria,
TOCANCIPA,M,47.0,Relacionado,
CARTAGENA,F,35.0,Comunitaria,
MADRID,M,89.0,Comunitaria,
SUBACHOQUE,M,26.0,Comunitaria,
MANIZALES,F,56.0,Relacionado,
CARTAGENA,F,32.0,Comunitaria,
CURUMANI,F,20.0,Comunitaria,
CARTAGENA,F,27.0,Comunitaria,
FUSAGASUGA,F,29.0,Comunitaria,
VILLAVICENCIO,M,39.0,Relacionado,
VALLEDUPAR,M,49.0,Comunitaria,
VILLAVICENCIO,M,16.0,Comunitaria,
VILLAVICENCIO,F,21.0,Comunitaria,
CARTAGENA,M,5.0,Relacionado,
NEIVA,M,9.0,Comunitaria,
CARTAGENA,F,34.0,Comunitaria,
AGUACHICA,F,25.0,Comunitaria,
CARTAGENA,M,23.0,Comunitaria,
VILLAVICENCIO,F,39.0,Comunitaria,
VILLAVICENCIO,M,16.0,Relacionado,
VALLEDUPAR,M,43.0,Comunitaria,
TENJO,M,32.0,Comunitaria,
VALLEDUPAR,F,33.0,Comunitaria,
CARTAGENA,M,59.0,Relacionado,
FUSAGASUGA,F,27.0,Comunitaria,
FACATATIVA,M,17.0,Comunitaria,
FUSAGASUGA,F,26.0,Comunitaria,
VILLAVICENCIO,M,52.0,Comunitaria,
TESALIA,M,45.0,Comunitaria,
GRANADA,F,27.0,Comunitaria,
GIRARDOT,M,59.0,Relacionado,
TESALIA,M,30.0,Relacionado,
LA JAGUA DE IBIRICO,M,23.0,Relacionado,
IPIALES,M,29.0,Relacionado,
MANIZALES,F,53.0,Relacionado,
CARTAGENA,M,43.0,Relacionado,
VALLEDUPAR,M,52.0,Relacionado,
CARTAGENA,F,62.0,Comunitaria,
TUCHIN,F,33.0,Comunitaria,
VALLEDUPAR,M,38.0,Relacionado,
ZIPAQUIRA,F,37.0,Relacionado,
CARTAGENA,F,38.0,Comunitaria,
CARTAGENA,F,49.0,Comunitaria,
CARTAGENA,M,28.0,Comunitaria,
CARTAGENA,F,38.0,Relacionado,
NEIVA,M,27.0,Relacionado,
CARTAGENA,F,59.0,Comunitaria,
NEIVA,M,59.0,Comunitaria,
CHIRIGUANA,M,41.0,Comunitaria,
TOCANCIPA,F,11.0,Relacionado,
ARMENIA,F,59.0,Relacionado,
VILLAVICENCIO,M,62.0,Comunitaria,
SUBACHOQUE,M,22.0,Comunitaria,
VILLAVICENCIO,F,26.0,Relacionado,
TUCHIN,F,75.0,Comunitaria,
AGUACHICA,M,43.0,Comunitaria,
TIMANA,F,57.0,Comunitaria,
PEREIRA,M,65.0,Relacionado,
CARTAGENA,F,28.0,Comunitaria,
SOACHA,F,34.0,Comunitaria,
CALI,F,57.0,Relacionado,
CALI,F,66.0,Comunitaria,
BUGA,M,49.0,Comunitaria,
PALMIRA,M,48.0,Comunitaria,
YUMBO,F,19.0,Comunitaria,
YUMBO,F,22.0,Comunitaria,
LA UNION,M,58.0,Comunitaria,
BARBOSA,F,67.0,Relacionado,
BELLO,M,61.0,Comunitaria,
YARUMAL,M,60.0,Comunitaria,
MEDELLIN,F,71.0,Comunitaria,
MUZO,M,55.0,Comunitaria,
BARRANQUILLA,F,35.0,Comunitaria,
CARTAGENA,F,29.0,Comunitaria,
SINCELEJO,M,60.0,Comunitaria,
SIMIJACA,M,39.0,Comunitaria,
ZIPAQUIRA,F,19.0,Comunitaria,
GIRARDOT,M,61.0,Comunitaria,
PEREIRA,F,35.0,Comunitaria,
SABANALARGA,M,61.0,Comunitaria,
SINCE,M,1.0,Comunitaria,
ESPINAL,F,34.0,Comunitaria,
CUCUTA,F,54.0,Comunitaria,
CURITI,M,40.0,Comunitaria,
VILLETA,F,65.0,Comunitaria,
IBAGUE,M,43.0,Comunitaria,
BARBOSA,M,38.0,Comunitaria,
COLON,F,73.0,Relacionado,
PAMPLONA,F,66.0,Comunitaria,
ZIPAQUIRA,M,28.0,Comunitaria,
PAMPLONA,M,22.0,Comunitaria,
HONDA,M,68.0,Comunitaria,
FUSAGASUGA,F,59.0,Comunitaria,
TOCAIMA,M,62.0,Comunitaria,
PIVIJAY,F,78.0,Relacionado,
IBAGUE,M,79.0,Comunitaria,
FUSAGASUGA,M,60.0,Comunitaria,
MARIQUITA,F,50.0,Comunitaria,
BUCARAMANGA,F,44.0,Relacionado,
MOSQUERA,M,54.0,Comunitaria,
PEREIRA,F,47.0,Relacionado,
BUCARAMANGA,F,12.0,Comunitaria,
LA DORADA,F,12.0,Comunitaria,
BUCARAMANGA,F,38.0,Relacionado,
PEREIRA,F,29.0,Comunitaria,
BUCARAMANGA,F,45.0,Comunitaria,
CARTAGENA,F,32.0,Comunitaria,
UBATE,F,25.0,Comunitaria,
SANTA MARTA,F,69.0,Comunitaria,
LA DORADA,F,34.0,Comunitaria,
MANIZALES,F,39.0,Comunitaria,
ARMENIA,F,65.0,Comunitaria,
CAJICA,F,41.0,Comunitaria,
DUITAMA,F,60.0,Comunitaria,
DUITAMA,F,62.0,Relacionado,
AQUITANIA,F,35.0,Comunitaria,
RAMIRIQUI,F,74.0,Relacionado,
RAMIRIQUI,F,60.0,Relacionado,
TUNJA,F,73.0,Relacionado,
CALI,M,89.0,Comunitaria,
ARAUQUITA,F,49.0,Comunitaria,
MANIZALES,F,81.0,Comunitaria,
MANIZALES,F,86.0,Comunitaria,
MANIZALES,F,82.0,Comunitaria,
PEREIRA,F,72.0,Comunitaria,
MANIZALES,F,71.0,Relacionado,
MANIZALES,F,73.0,Relacionado,
MANIZALES,F,69.0,Comunitaria,
MANIZALES,F,66.0,Comunitaria,
MANIZALES,F,39.0,Relacionado,
MANIZALES,F,41.0,Comunitaria,
MANIZALES,F,39.0,Comunitaria,
FILANDIA,F,82.0,Relacionado,
PEREIRA,F,72.0,Comunitaria,
ITAGUI,F,57.0,Comunitaria,
MANIZALES,F,68.0,Comunitaria,
PEREIRA,F,63.0,Comunitaria,
NEIVA,F,37.0,Comunitaria,
ARANZAZU,F,67.0,Comunitaria,
MANIZALES,M,44.0,Comunitaria,
IBAGUE,F,80.0,Relacionado,
CUCUTA,F,80.0,Comunitaria,
ARMENIA,F,74.0,Comunitaria,
BARRANQUILLA,F,66.0,Comunitaria,
VILLAVICENCIO,F,81.0,Comunitaria,
TUNJA,F,89.0,Relacionado,
TUNJA,F,77.0,Relacionado,
TUNJA,F,48.0,Comunitaria,
TUNJA,F,50.0,Comunitaria,
VILLAVICENCIO,F,61.0,Comunitaria,
CUCUTA,F,72.0,Comunitaria,
NEIVA,F,46.0,Comunitaria,
SUAZA,F,41.0,Comunitaria,
PALERMO,F,80.0,Comunitaria,
NEIVA,F,40.0,Relacionado,
TERUEL,F,40.0,Relacionado,
TIMANA,F,61.0,Comunitaria,
YAGUARA,F,59.0,Comunitaria,
ALBANIA,F,60.0,Comunitaria,
IBAGUE,M,89.0,Relacionado,
SAN DIEGO,F,57.0,Relacionado,
VALLEDUPAR,F,64.0,Comunitaria,
PASTO,F,63.0,Comunitaria,
CALI,F,60.0,Comunitaria,
CONTRATACION,M,22.0,Comunitaria,
MOSQUERA,F,36.0,Comunitaria,
SAN PABLO,M,43.0,Comunitaria,
LA UNION,F,71.0,Comunitaria,
YACUANQUER,F,40.0,Relacionado,
YACUANQUER,F,38.0,Relacionado,
MEDELLIN,F,83.0,Comunitaria,
CUCUTA,F,38.0,Comunitaria,
CUCUTA,F,60.0,Relacionado,
SIMITI,M,77.0,Comunitaria,
SANTA MARTA,F,67.0,Comunitaria,
SAN JUAN DEL CESAR,M,57.0,Comunitaria,
BUCARAMANGA,F,59.0,Comunitaria,
HACARI,F,69.0,Relacionado,
MEDELLIN,M,63.0,Comunitaria,
CUCUTA,F,67.0,Relacionado,
PAMPLONA,F,62.0,Comunitaria,
VILLA DEL ROSARIO,F,60.0,Comunitaria,
FLORIDABLANCA,M,77.0,Comunitaria,
BARRANCABERMEJA,F,80.0,Comunitaria,
IBAGUE,F,70.0,Relacionado,
BARRANCABERMEJA,F,74.0,Comunitaria,
BARRANCABERMEJA,F,93.0,Comunitaria,
BUCARAMANGA,F,62.0,Comunitaria,
BUCARAMANGA,F,62.0,Comunitaria,
BUCARAMANGA,F,54.0,Comunitaria,
BARRANCABERMEJA,F,41.0,Comunitaria,
IBAGUE,F,83.0,Relacionado,
IBAGUE,F,57.0,Relacionado,
IBAGUE,F,86.0,Relacionado,
PITALITO,F,57.0,Comunitaria,
IBAGUE,F,83.0,Relacionado,
IBAGUE,F,38.0,Comunitaria,
AMBALEMA,F,51.0,Comunitaria,
IBAGUE,M,82.0,Relacionado,
PITALITO,F,57.0,Comunitaria,
ARMENIA,F,70.0,Comunitaria,
ENVIGADO,F,77.0,Comunitaria,
ARMENIA,F,48.0,Comunitaria,
PEREIRA,F,63.0,Comunitaria,
BELEN DE UMBRIA,F,46.0,Comunitaria,
PUERTO RICO,F,86.0,Relacionado,
ARMENIA,F,67.0,Comunitaria,
MEDELLIN,M,56.0,Comunitaria,
CUMBAL,F,80.0,Comunitaria,
CALI,F,58.0,Relacionado,
MADRID,F,55.0,Comunitaria,
CHOACHI,F,44.0,Comunitaria,
PACHO,F,68.0,Comunitaria,
LA CALERA,F,73.0,Comunitaria,
IBAGUE,F,86.0,Relacionado,
SAN FRANCISCO,F,65.0,Relacionado,
ITAGUI,F,86.0,Comunitaria,
DUITAMA,F,56.0,Comunitaria,
MEDELLIN,F,67.0,Comunitaria,
MEDELLIN,F,62.0,Relacionado,
CALI,F,66.0,Relacionado,
CALI,F,81.0,Relacionado,
NEIVA,F,16.0,Comunitaria,
VILLAVICENCIO,M,56.0,Comunitaria,
VILLAVICENCIO,F,42.0,Comunitaria,
IPIALES,M,46.0,Relacionado,
IPIALES,M,46.0,Comunitaria,
PASTO,F,13.0,Comunitaria,
SAN VICENTE DEL CAGUAN,M,27.0,Comunitaria,
MEDELLIN,F,34.0,Comunitaria,
PAMPLONA,M,50.0,Relacionado,
FUSAGASUGA,M,29.0,Comunitaria,
SABANETA,M,31.0,Comunitaria,
YACUANQUER,F,16.0,Relacionado,
BARBOSA,F,57.0,Comunitaria,
CALI,F,86.0,Relacionado,
SINCELEJO,F,13.0,Comunitaria,
CALI,F,14.0,Comunitaria,
VILLAVICENCIO,M,30.0,Comunitaria,
VILLAVICENCIO,F,46.0,Comunitaria,
VILLAVICENCIO,M,33.0,Relacionado,
VILLAVICENCIO,M,48.0,Comunitaria,
FLORIDABLANCA,M,48.0,Comunitaria,
BUCARAMANGA,F,45.0,Comunitaria,
VILLAVICENCIO,F,31.0,Comunitaria,
VILLAVICENCIO,F,31.0,Comunitaria,
VILLAVICENCIO,M,30.0,Comunitaria,
BARRANCABERMEJA,M,47.0,Comunitaria,
PUERTO BERRIO,M,10.0,Relacionado,
SABANALARGA,F,42.0,Comunitaria,
VILLAVICENCIO,F,29.0,Comunitaria,
VILLAVICENCIO,F,108.0,Relacionado,
VILLAVICENCIO,F,25.0,Comunitaria,
CARTAGENA,F,57.0,Comunitaria,
MONTERIA,F,12.0,Comunitaria,
SINCE,M,58.0,Comunitaria,
FUENTE DE ORO,M,23.0,Comunitaria,
SINCELEJO,F,40.0,Comunitaria,
SINCE,F,58.0,Relacionado,
LA ESTRELLA,F,77.0,Comunitaria,
RIOHACHA,F,49.0,Comunitaria,
RIOHACHA,F,51.0,Comunitaria,
COROZAL,F,73.0,Comunitaria,
COROZAL,M,42.0,Comunitaria,
PALMITO,M,49.0,Comunitaria,
RIOHACHA,F,43.0,Comunitaria,
CALI,F,53.0,Comunitaria,
VALLEDUPAR,F,22.0,Comunitaria,
BARRANQUILLA,M,92.0,Comunitaria,
PEREIRA,M,34.0,Comunitaria,
SINCELEJO,M,20.0,Comunitaria,
CALI,F,58.0,Relacionado,
CALI,M,88.0,Comunitaria,
MONTERIA,M,20.0,Comunitaria,
CANDELARIA,F,31.0,Comunitaria,
BOGOTA,F,51.0,Comunitaria,
BOGOTA,F,6.0,Relacionado,
BOGOTA,M,17.0,Relacionado,
BOGOTA,F,23.0,Relacionado,
BOGOTA,M,64.0,Comunitaria,
BOGOTA,F,43.0,Comunitaria,
BOGOTA,F,4.0,Relacionado,
BOGOTA,M,28.0,Comunitaria,
BOGOTA,F,52.0,Comunitaria,
BOGOTA,F,60.0,Comunitaria,
BOGOTA,M,28.0,Comunitaria,
BOGOTA,M,47.0,Comunitaria,
BOGOTA,M,55.0,Relacionado,
BOGOTA,M,56.0,Relacionado,
BOGOTA,M,35.0,Comunitaria,
BOGOTA,M,45.0,Comunitaria,
BOGOTA,F,71.0,Relacionado,
BOGOTA,F,59.0,Comunitaria,
BOGOTA,M,38.0,Comunitaria,
BOGOTA,M,28.0,Comunitaria,
BOGOTA,F,25.0,Comunitaria,
BOGOTA,M,28.0,Comunitaria,
BOGOTA,F,33.0,Comunitaria,
BOGOTA,F,35.0,Comunitaria,
BOGOTA,M,42.0,Comunitaria,
BOGOTA,M,38.0,Comunitaria,
BOGOTA,F,66.0,Comunitaria,
BOGOTA,M,46.0,Relacionado,
BOGOTA,M,55.0,Relacionado,
BOGOTA,M,29.0,Comunitaria,
BOGOTA,F,59.0,Comunitaria,
BOGOTA,F,28.0,Comunitaria,
BOGOTA,M,93.0,Comunitaria,
BOGOTA,F,29.0,Comunitaria,
BOGOTA,F,57.0,Comunitaria,
BOGOTA,M,22.0,Relacionado,
BOGOTA,M,51.0,Comunitaria,
BOGOTA,F,71.0,Comunitaria,
BOGOTA,F,16.0,Relacionado,
BOGOTA,F,31.0,Comunitaria,
BOGOTA,F,82.0,Relacionado,
BOGOTA,F,33.0,Comunitaria,
BOGOTA,F,54.0,Comunitaria,
BOGOTA,F,21.0,Comunitaria,
BOGOTA,M,32.0,Comunitaria,
BOGOTA,F,38.0,Comunitaria,
BOGOTA,F,47.0,Relacionado,
BOGOTA,F,22.0,Comunitaria,
BOGOTA,M,24.0,Comunitaria,
BOGOTA,M,27.0,Comunitaria,
BOGOTA,F,28.0,Comunitaria,
BOGOTA,F,30.0,Comunitaria,
BOGOTA,M,31.0,Comunitaria,
BOGOTA,M,31.0,Comunitaria,
BOGOTA,F,35.0,Comunitaria,
BOGOTA,M,36.0,Comunitaria,
BOGOTA,F,38.0,Comunitaria,
BOGOTA,F,39.0,Comunitaria,
BOGOTA,F,41.0,Comunitaria,
BOGOTA,F,41.0,Relacionado,
BOGOTA,F,42.0,Comunitaria,
BOGOTA,F,43.0,Comunitaria,
BOGOTA,M,44.0,Comunitaria,
BOGOTA,M,48.0,Comunitaria,
BOGOTA,F,50.0,Comunitaria,
BOGOTA,F,53.0,Comunitaria,
BOGOTA,M,53.0,Comunitaria,
BOGOTA,F,56.0,Comunitaria,
BOGOTA,F,56.0,Comunitaria,
BOGOTA,F,61.0,Comunitaria,
BOGOTA,F,80.0,Comunitaria,
BOGOTA,F,3.0,Comunitaria,
BOGOTA,F,7.0,Comunitaria,
BOGOTA,F,10.0,Relacionado,
BOGOTA,F,16.0,Relacionado,
BOGOTA,F,26.0,Comunitaria,
BOGOTA,F,28.0,Relacionado,
BOGOTA,F,29.0,Comunitaria,
BOGOTA,M,30.0,Comunitaria,
BOGOTA,F,34.0,Comunitaria,
BOGOTA,M,40.0,Comunitaria,
BOGOTA,F,42.0,Comunitaria,
BOGOTA,F,47.0,Relacionado,
BOGOTA,M,54.0,Comunitaria,
BOGOTA,F,65.0,Relacionado,
BOGOTA,F,69.0,Comunitaria,
BOGOTA,F,26.0,Comunitaria,
BOGOTA,F,27.0,Comunitaria,
BOGOTA,F,33.0,Comunitaria,
BOGOTA,F,35.0,Comunitaria,
BOGOTA,M,21.0,Comunitaria,
BOGOTA,M,2.0,Relacionado,
BOGOTA,M,4.0,Comunitaria,
BOGOTA,F,11.0,Relacionado,
BOGOTA,F,14.0,Relacionado,
BOGOTA,F,16.0,Comunitaria,
BOGOTA,M,20.0,Comunitaria,
BOGOTA,M,27.0,Relacionado,
BOGOTA,M,29.0,Comunitaria,
BOGOTA,F,30.0,Comunitaria,
BOGOTA,F,31.0,Comunitaria,
BOGOTA,M,31.0,Comunitaria,
BOGOTA,M,35.0,Comunitaria,
BOGOTA,M,36.0,Comunitaria,
BOGOTA,F,37.0,Comunitaria,
BOGOTA,M,37.0,Comunitaria,
BOGOTA,M,38.0,Comunitaria,
BOGOTA,F,40.0,Comunitaria,
BOGOTA,M,42.0,Relacionado,
BOGOTA,M,42.0,Relacionado,
BOGOTA,F,43.0,Relacionado,
BOGOTA,M,43.0,Relacionado,
BOGOTA,M,43.0,Comunitaria,
BOGOTA,M,44.0,Comunitaria,
BOGOTA,M,50.0,Comunitaria,
BOGOTA,F,61.0,Relacionado,
BOGOTA,F,80.0,Comunitaria,
BOGOTA,M,87.0,Relacionado,
BOGOTA,F,1.0,Relacionado,
BOGOTA,M,7.0,Relacionado,
BOGOTA,F,8.0,Relacionado,
BOGOTA,F,9.0,Relacionado,
BOGOTA,M,9.0,Comunitaria,
BOGOTA,M,12.0,Relacionado,
BOGOTA,F,13.0,Relacionado,
NEIVA,F,63.0,Comunitaria,
GARZON,F,50.0,Comunitaria,
ACACIAS,F,31.0,Comunitaria,
VILLAVICENCIO,M,41.0,Comunitaria,
RIOHACHA,F,59.0,Comunitaria,
MONTERIA,F,8.0,Comunitaria,
SANTA MARTA,F,26.0,Comunitaria,
PEREIRA,F,83.0,Comunitaria,
MEDELLIN,F,68.0,Relacionado,
MEDELLIN,M,29.0,Relacionado,
MEDELLIN,F,28.0,Comunitaria,
SABANETA,M,32.0,Relacionado,
BARRANQUILLA,F,27.0,Relacionado,
TUNJA,M,27.0,Relacionado,
TUNJA,M,26.0,Comunitaria,
TUNJA,M,24.0,Comunitaria,
TUNJA,F,23.0,Relacionado,
MANIZALES,M,41.0,Comunitaria,
TAMINANGO,F,85.0,Comunitaria,
BARBOSA,F,29.0,Comunitaria,
TUNJA,M,38.0,Comunitaria,
MARINILLA,F,25.0,Relacionado,
FLORIDABLANCA,M,18.0,Comunitaria,
MEDELLIN,F,20.0,Comunitaria,
LA CEJA,F,19.0,Comunitaria,
MEDELLIN,F,9.0,Relacionado,
MEDELLIN,F,15.0,Comunitaria,
ENVIGADO,F,16.0,Comunitaria,
MANIZALES,F,56.0,Comunitaria,
MANIZALES,F,43.0,Comunitaria,
MEDELLIN,F,44.0,Relacionado,
MEDELLIN,M,30.0,Comunitaria,
DOSQUEBRADAS,F,21.0,Comunitaria,
TUNJA,F,54.0,Comunitaria,
TUNJA,F,48.0,Relacionado,
TUNJA,F,46.0,Relacionado,
RIONEGRO,M,25.0,Comunitaria,
CALDAS,M,66.0,Relacionado,
RIONEGRO,M,39.0,Relacionado,
RIONEGRO,M,38.0,Comunitaria,
BELLO,M,35.0,Comunitaria,
VILLAMARIA,M,38.0,Comunitaria,
RIONEGRO,F,52.0,Comunitaria,
GUATAPE,M,34.0,Relacionado,
GIRALDO,M,29.0,Comunitaria,
LEBRIJA,M,71.0,Comunitaria,
PEREIRA,M,87.0,Comunitaria,
DABEIBA,F,12.0,Comunitaria,
BARRANQUILLA,M,15.0,Relacionado,
PEREIRA,M,37.0,Comunitaria,
VILLAVICENCIO,F,67.0,Comunitaria,
SANTA ANA,M,5.0,Comunitaria,
PAMPLONA,M,4.0,Comunitaria,
BARRANQUILLA,M,55.0,Comunitaria,
BUCARAMANGA,M,35.0,Comunitaria,
LEBRIJA,M,31.0,Comunitaria,
SOGAMOSO,M,21.0,Comunitaria,
DOSQUEBRADAS,M,32.0,Comunitaria,
SANTA MARTA,F,62.0,Comunitaria,
PASTO,F,47.0,Comunitaria,
PASTO,F,45.0,Comunitaria,
CUCUTA,F,60.0,Comunitaria,
LEBRIJA,F,50.0,Comunitaria,
BUCARAMANGA,F,82.0,Comunitaria,
CIMITARRA,F,59.0,Comunitaria,
SAN PABLO,M,32.0,Comunitaria,
PASTO,M,32.0,Comunitaria,
PASTO,M,31.0,Comunitaria,
PASTO,F,28.0,Comunitaria,
PASTO,F,26.0,Comunitaria,
ACACIAS,M,42.0,Comunitaria,
BARRANQUILLA,M,46.0,Comunitaria,
PUERTO BOYACA,M,58.0,Comunitaria,
FLORENCIA,M,39.0,Comunitaria,
MEDELLIN,M,72.0,Comunitaria,
MANIZALES,F,30.0,Comunitaria,
BARRANQUILLA,F,23.0,Comunitaria,
TIQUISIO (PUERTO RICO),F,16.0,Comunitaria,
ARMENIA,M,12.0,Comunitaria,
VILLAVICENCIO,M,21.0,Comunitaria,
GIRARDOT,M,41.0,Relacionado,
TAMESIS,M,30.0,Comunitaria,
MEDELLIN,M,28.0,Comunitaria,
ITAGUI,F,33.0,Comunitaria,
GIRALDO,M,28.0,Comunitaria,
LIBORINA,M,32.0,Comunitaria,
PUERTO BERRIO,F,31.0,Comunitaria,
YOLOMBO,F,26.0,Comunitaria,
PASTO,M,33.0,Comunitaria,
PASTO,F,25.0,Comunitaria,
PASTO,M,31.0,Comunitaria,
SANTA FE DE ANTIOQUIA,M,15.0,Comunitaria,
MANIZALES,F,35.0,Comunitaria,
FLORENCIA,F,65.0,Comunitaria,
IBAGUE,M,56.0,Comunitaria,
CUCUTA,F,48.0,Comunitaria,
CUCUTA,F,46.0,Comunitaria,
CUCUTA,F,49.0,Comunitaria,
BOGOTA,M,21.0,Comunitaria,
BOGOTA,F,10.0,Relacionado,
BOGOTA,M,16.0,Relacionado,
BOGOTA,M,12.0,Relacionado,
BOGOTA,F,11.0,Relacionado,
BOGOTA,F,33.0,Comunitaria,
BOGOTA,F,33.0,Comunitaria,
BOGOTA,M,32.0,Comunitaria,
BOGOTA,F,30.0,Relacionado,
BOGOTA,F,29.0,Comunitaria,
BOGOTA,F,27.0,Comunitaria,
BOGOTA,M,27.0,Relacionado,
BOGOTA,M,26.0,Relacionado,
BOGOTA,F,8.0,Comunitaria,
BOGOTA,F,26.0,Relacionado,
BOGOTA,M,25.0,Relacionado,
BOGOTA,M,25.0,Comunitaria,
BOGOTA,M,23.0,Relacionado,
BOGOTA,F,21.0,Relacionado,
BOGOTA,F,33.0,Comunitaria,
BOGOTA,M,12.0,Relacionado,
BOGOTA,M,28.0,Relacionado,
BOGOTA,M,25.0,Comunitaria,
BOGOTA,F,22.0,Relacionado,
BOGOTA,F,22.0,Comunitaria,
BOGOTA,F,21.0,Comunitaria,
BOGOTA,F,14.0,Relacionado,
BOGOTA,M,1.0,Comunitaria,
BOGOTA,M,14.0,Relacionado,
BOGOTA,M,33.0,Comunitaria,
BOGOTA,F,34.0,Comunitaria,
BOGOTA,F,34.0,Relacionado,
BOGOTA,F,33.0,Comunitaria,
BOGOTA,M,33.0,Comunitaria,
BOGOTA,F,22.0,Relacionado,
BOGOTA,M,13.0,Relacionado,
BOGOTA,F,31.0,Relacionado,
BOGOTA,F,29.0,Comunitaria,
BOGOTA,M,28.0,Comunitaria,
BOGOTA,M,28.0,Comunitaria,
BOGOTA,F,28.0,Comunitaria,
BOGOTA,M,25.0,Comunitaria,
BELLO,M,31.0,Relacionado,
MEDELLIN,F,31.0,Relacionado,
MEDELLIN,F,31.0,Comunitaria,
MEDELLIN,M,31.0,Relacionado,
BELLO,F,31.0,Relacionado,
BELLO,M,23.0,Comunitaria,
MEDELLIN,M,29.0,Relacionado,
MEDELLIN,M,27.0,Comunitaria,
MEDELLIN,M,21.0,Comunitaria,
MEDELLIN,M,23.0,Comunitaria,
MEDELLIN,M,31.0,Relacionado,
ITAGUI,M,25.0,Comunitaria,
CALDAS,M,30.0,Relacionado,
RIONEGRO,M,24.0,Comunitaria,
MEDELLIN,M,47.0,Comunitaria,
BELLO,M,5.0,Relacionado,
BELLO,F,33.0,Relacionado,
MEDELLIN,F,27.0,Comunitaria,
BELLO,M,28.0,Comunitaria,
MEDELLIN,F,29.0,Relacionado,
MEDELLIN,F,29.0,Relacionado,
MEDELLIN,F,29.0,Relacionado,
MEDELLIN,M,30.0,Relacionado,
MEDELLIN,F,32.0,Relacionado,
MEDELLIN,M,32.0,Comunitaria,
MEDELLIN,F,34.0,Comunitaria,
BELLO,M,34.0,Relacionado,
MEDELLIN,F,34.0,Comunitaria,
ITAGUI,F,24.0,Relacionado,
ITAGUI,F,24.0,Relacionado,
ITAGUI,F,24.0,Comunitaria,
MEDELLIN,M,25.0,Relacionado,
MEDELLIN,F,26.0,Relacionado,
ITAGUI,M,26.0,Relacionado,
ITAGUI,M,26.0,Relacionado,
MEDELLIN,F,27.0,Comunitaria,
ITAGUI,M,28.0,Comunitaria,
ITAGUI,M,29.0,Comunitaria,
SANTA MARTA,F,10.0,Comunitaria,
MANIZALES,M,27.0,Comunitaria,
SANTA MARTA,F,29.0,Comunitaria,
SANTA MARTA,M,65.0,Relacionado,
SOLEDAD,F,86.0,Comunitaria,
RIOHACHA,F,41.0,Relacionado,
SOLEDAD,F,42.0,Comunitaria,
SANTA MARTA,F,19.0,Relacionado,
MANIZALES,F,15.0,Relacionado,
MANIZALES,M,26.0,Relacionado,
RIOHACHA,F,33.0,Relacionado,
MANIZALES,M,69.0,Relacionado,
MANIZALES,F,25.0,Comunitaria,
RIOHACHA,F,26.0,Comunitaria,
SOLEDAD,F,33.0,Comunitaria,
MANIZALES,F,42.0,Relacionado,
SANTA MARTA,M,43.0,Comunitaria,
MANIZALES,F,34.0,Relacionado,
RIOHACHA,F,73.0,Relacionado,
SANTA MARTA,F,83.0,Comunitaria,
MONTELIBANO,M,36.0,Comunitaria,
POPAYAN,M,26.0,Comunitaria,
POPAYAN,F,29.0,Comunitaria,
IBAGUE,M,83.0,Comunitaria,
VALLEDUPAR,M,52.0,Relacionado,
SINCELEJO,F,64.0,Relacionado,
LOS PALMITOS,F,23.0,Comunitaria,
BARRANQUILLA,F,58.0,Relacionado,
BARRANQUILLA,F,59.0,Comunitaria,
BARRANQUILLA,F,60.0,Relacionado,
BARRANQUILLA,F,65.0,Comunitaria,
BARRANQUILLA,F,58.0,Comunitaria,
BARRANQUILLA,F,61.0,Comunitaria,
BARRANQUILLA,F,58.0,Comunitaria,
BARRANQUILLA,F,59.0,Relacionado,
BARRANQUILLA,F,57.0,Comunitaria,
BARRANQUILLA,F,62.0,Comunitaria,
BARRANQUILLA,F,56.0,Relacionado,
BARRANQUILLA,F,59.0,Relacionado,
BARRANQUILLA,F,58.0,Comunitaria,
BARRANQUILLA,F,59.0,Relacionado,
BARRANQUILLA,F,56.0,Comunitaria,
BARRANQUILLA,F,58.0,Comunitaria,
BARRANQUILLA,F,56.0,Comunitaria,
BARRANQUILLA,F,56.0,Relacionado,
BARRANQUILLA,F,56.0,Comunitaria,
BARRANQUILLA,F,56.0,Relacionado,
BARRANQUILLA,F,56.0,Relacionado,
BARRANQUILLA,F,55.0,Relacionado,
BARRANQUILLA,F,54.0,Relacionado,
BARRANQUILLA,F,54.0,Relacionado,
BARRANQUILLA,F,55.0,Relacionado,
BARRANQUILLA,F,56.0,Comunitaria,
BARRANQUILLA,F,53.0,Relacionado,
BARRANQUILLA,F,55.0,Relacionado,
BARRANQUILLA,F,55.0,Relacionado,
BARRANQUILLA,F,54.0,Relacionado,
BARRANQUILLA,F,51.0,Relacionado,
BARRANQUILLA,F,54.0,Comunitaria,
BARRANQUILLA,F,55.0,Comunitaria,
BARRANQUILLA,F,51.0,Comunitaria,
BARRANQUILLA,F,50.0,Comunitaria,
BARRANQUILLA,F,49.0,Comunitaria,
BARRANQUILLA,F,49.0,Comunitaria,
BARRANQUILLA,F,56.0,Relacionado,
TUNJA,F,45.0,Relacionado,
MEDELLIN,F,44.0,Comunitaria,
MEDELLIN,F,45.0,Relacionado,
ITAGUI,F,39.0,Relacionado,
MEDELLIN,F,81.0,Comunitaria,
MEDELLIN,F,41.0,Relacionado,
MEDELLIN,F,22.0,Relacionado,
MEDELLIN,F,23.0,Comunitaria,
LA ESTRELLA,F,8.0,Comunitaria,
ITAGUI,F,16.0,Relacionado,
RIONEGRO,F,22.0,Relacionado,
MEDELLIN,M,76.0,Relacionado,
MEDELLIN,M,65.0,Comunitaria,
MEDELLIN,M,68.0,Comunitaria,
MEDELLIN,M,74.0,Relacionado,
ITAGUI,F,46.0,Relacionado,
MEDELLIN,M,73.0,Relacionado,
EBEJICO,M,65.0,Comunitaria,
MEDELLIN,M,36.0,Comunitaria,
MEDELLIN,M,77.0,Comunitaria,
MEDELLIN,M,74.0,Comunitaria,
MEDELLIN,M,42.0,Relacionado,
SONSON,M,80.0,Relacionado,
MEDELLIN,F,35.0,Comunitaria,
MEDELLIN,M,46.0,Relacionado,
ENVIGADO,M,43.0,Comunitaria,
MEDELLIN,M,64.0,Relacionado,
PUEBLORRICO,M,53.0,Relacionado,
MEDELLIN,M,68.0,Relacionado,
MEDELLIN,M,69.0,Relacionado,
MEDELLIN,M,89.0,Relacionado,
MEDELLIN,M,26.0,Comunitaria,
GOMEZ PLATA,M,44.0,Comunitaria,
MEDELLIN,M,43.0,Relacionado,
MEDELLIN,M,58.0,Relacionado,
ENVIGADO,M,22.0,Comunitaria,
MEDELLIN,M,69.0,Relacionado,
BETULIA,M,85.0,Relacionado,
MEDELLIN,M,78.0,Comunitaria,
ENVIGADO,M,40.0,Comunitaria,
MEDELLIN,M,25.0,Comunitaria,
TARSO,F,57.0,Relacionado,
MEDELLIN,F,67.0,Comunitaria,
ITAGUI,M,56.0,Relacionado,
MEDELLIN,M,62.0,Comunitaria,
MEDELLIN,M,70.0,Relacionado,
CALDAS,M,77.0,Comunitaria,
MEDELLIN,M,40.0,Comunitaria,
APARTADO,M,63.0,Comunitaria,
MEDELLIN,M,21.0,Comunitaria,
MEDELLIN,M,27.0,Comunitaria,
ITAGUI,M,34.0,Comunitaria,
CARAMANTA,F,61.0,Relacionado,
BELLO,F,62.0,Relacionado,
CARMEN DE VIBORAL,F,38.0,Comunitaria,
SANTA FE DE ANTIOQUIA,F,61.0,Comunitaria,
MEDELLIN,F,54.0,Comunitaria,
BELLO,F,36.0,Comunitaria,
PUERTO BERRIO,F,36.0,Relacionado,
MEDELLIN,F,92.0,Comunitaria,
MEDELLIN,F,32.0,Comunitaria,
MEDELLIN,F,56.0,Comunitaria,
MEDELLIN,F,68.0,Comunitaria,
TURBO,M,31.0,Comunitaria,
MEDELLIN,M,59.0,Comunitaria,
BELLO,M,42.0,Relacionado,
SEGOVIA,M,43.0,Relacionado,
MEDELLIN,M,50.0,Relacionado,
LA UNION,M,42.0,Comunitaria,
ANGOSTURA,M,40.0,Relacionado,
BELLO,M,57.0,Comunitaria,
MEDELLIN,F,56.0,Relacionado,
ENVIGADO,F,51.0,Comunitaria,
YARUMAL,F,47.0,Comunitaria,
MEDELLIN,M,40.0,Relacionado,
MEDELLIN,M,14.0,Relacionado,
MEDELLIN,M,19.0,Comunitaria,
TARAZA,M,67.0,Comunitaria,
MEDELLIN,M,15.0,Relacionado,
MEDELLIN,M,8.0,Comunitaria,
APARTADO,M,76.0,Relacionado,
MEDELLIN,M,14.0,Relacionado,
MEDELLIN,M,8.0,Relacionado,
MEDELLIN,M,6.0,Relacionado,
MEDELLIN,M,8.0,Relacionado,
MEDELLIN,F,37.0,Relacionado,
ITAGUI,F,42.0,Relacionado,
MEDELLIN,F,52.0,Relacionado,
MEDELLIN,F,41.0,Comunitaria,
JUAN DE ACOSTA,M,26.0,Comunitaria,
ZIPAQUIRA,M,30.0,Comunitaria,
TIPACOQUE,M,11.0,Relacionado,
TUNJA,M,64.0,Relacionado,
RIOHACHA,F,33.0,Relacionado,
MANIZALES,M,63.0,Relacionado,
MADRID,F,51.0,Relacionado,
CARTAGENA,F,29.0,Comunitaria,
CARTAGENA,F,28.0,Comunitaria,
SOATA,F,55.0,Comunitaria,
SAN FRANCISCO,F,38.0,Comunitaria,
BARANOA,M,30.0,Relacionado,
SOACHA,M,22.0,Comunitaria,
SOLEDAD,M,34.0,Comunitaria,
GARAGOA,F,22.0,Relacionado,
GARAGOA,F,21.0,Relacionado,
ZIPAQUIRA,F,52.0,Relacionado,
COTA,M,27.0,Comunitaria,
POPAYAN,M,80.0,Comunitaria,
BOGOTA,F,25.0,Relacionado,
BOGOTA,M,25.0,Comunitaria,
BOGOTA,F,22.0,Comunitaria,
BOGOTA,M,1.0,Relacionado,
BOGOTA,F,33.0,Comunitaria,
BOGOTA,F,33.0,Relacionado,
BOGOTA,F,30.0,Relacionado,
BOGOTA,M,29.0,Relacionado,
BOGOTA,F,29.0,Relacionado,
BOGOTA,M,27.0,Comunitaria,
BOGOTA,M,26.0,Comunitaria,
BOGOTA,F,26.0,Relacionado,
BOGOTA,M,23.0,Relacionado,
BOGOTA,M,14.0,Relacionado,
BOGOTA,M,11.0,Relacionado,
BOGOTA,F,16.0,Relacionado,
BOGOTA,M,33.0,Comunitaria,
BOGOTA,M,30.0,Relacionado,
BOGOTA,F,30.0,Relacionado,
BOGOTA,F,29.0,Comunitaria,
BOGOTA,F,28.0,Comunitaria,
BOGOTA,F,28.0,Relacionado,
BOGOTA,F,28.0,Comunitaria,
BOGOTA,M,25.0,Comunitaria,
BOGOTA,F,25.0,Relacionado,
BOGOTA,M,24.0,Comunitaria,
BOGOTA,M,23.0,Comunitaria,
BOGOTA,F,6.0,Relacionado,
BOGOTA,F,6.0,Relacionado,
BOGOTA,M,11.0,Relacionado,
BOGOTA,F,13.0,Comunitaria,
BOGOTA,M,11.0,Relacionado,
BOGOTA,F,4.0,Comunitaria,
BOGOTA,F,5.0,Relacionado,
BOGOTA,M,32.0,Comunitaria,
BOGOTA,M,31.0,Relacionado,
BOGOTA,M,30.0,Comunitaria,
BOGOTA,F,29.0,Comunitaria,
BOGOTA,F,29.0,Comunitaria,
BOGOTA,M,29.0,Comunitaria,
BOGOTA,M,29.0,Comunitaria,
BARRANQUILLA,F,16.0,Relacionado,
BARRANQUILLA,M,25.0,Relacionado,
BARRANQUILLA,F,25.0,Relacionado,
BARRANQUILLA,F,26.0,Relacionado,
BARRANQUILLA,M,28.0,Comunitaria,
BARRANQUILLA,M,52.0,Relacionado,
BARRANQUILLA,F,22.0,Comunitaria,
BARRANQUILLA,M,42.0,Relacionado,
BARRANQUILLA,M,39.0,Relacionado,
BARRANQUILLA,F,30.0,Relacionado,
BARRANQUILLA,F,49.0,Relacionado,
BARRANQUILLA,F,35.0,Relacionado,
BARRANQUILLA,F,33.0,Comunitaria,
BARRANQUILLA,M,48.0,Relacionado,
BARRANQUILLA,M,21.0,Relacionado,
BARRANQUILLA,F,7.0,Relacionado,
BARRANQUILLA,M,45.0,Comunitaria,
BARRANQUILLA,F,34.0,Comunitaria,
BARRANQUILLA,F,19.0,Relacionado,
BARRANQUILLA,M,20.0,Relacionado,
BARRANQUILLA,F,49.0,Comunitaria,
BARRANQUILLA,F,25.0,Comunitaria,
BARRANQUILLA,F,16.0,Relacionado,
BARRANQUILLA,M,25.0,Comunitaria,
BARRANQUILLA,F,10.0,Relacionado,
BARRANQUILLA,F,10.0,Comunitaria,
BARRANQUILLA,F,14.0,Relacionado,
BARRANQUILLA,F,15.0,Relacionado,
BARRANQUILLA,F,15.0,Relacionado,
BARRANQUILLA,M,24.0,Comunitaria,
BARRANQUILLA,F,81.0,Relacionado,
BARRANQUILLA,F,41.0,Relacionado,
BARRANQUILLA,F,42.0,Relacionado,
BARRANQUILLA,M,41.0,Comunitaria,
BARRANQUILLA,M,37.0,Relacionado,
BARRANQUILLA,M,40.0,Comunitaria,
BELLO,F,55.0,Relacionado,
MEDELLIN,F,54.0,Relacionado,
MEDELLIN,F,55.0,Relacionado,
MEDELLIN,F,54.0,Comunitaria,
MEDELLIN,F,56.0,Relacionado,
MEDELLIN,F,55.0,Relacionado,
MEDELLIN,F,48.0,Comunitaria,
MEDELLIN,F,59.0,Relacionado,
MEDELLIN,F,48.0,Relacionado,
ITAGUI,F,35.0,Relacionado,
MEDELLIN,F,43.0,Relacionado,
VENECIA,F,49.0,Relacionado,
MARINILLA,F,54.0,Comunitaria,
ARACATACA,F,69.0,Relacionado,
ARIGUANI (EL DIFICIL),F,51.0,Relacionado,
SOLEDAD,M,81.0,Comunitaria,
SANTO TOMAS,F,42.0,Relacionado,
SOLEDAD,F,58.0,Comunitaria,
GALAPA,F,49.0,Relacionado,
SOLEDAD,F,52.0,Comunitaria,
BARANOA,F,70.0,Comunitaria,
JUAN DE ACOSTA,F,41.0,Relacionado,
SOLEDAD,F,44.0,Comunitaria,
CUCUTA,F,39.0,Relacionado,
SOLEDAD,F,38.0,Comunitaria,
SANTA MARTA,M,58.0,Relacionado,
GALAPA,F,36.0,Comunitaria,
PITALITO,F,50.0,Relacionado,
JUAN DE ACOSTA,M,57.0,Relacionado,
SANTO TOMAS,M,60.0,Comunitaria,
SANTO TOMAS,M,50.0,Relacionado,
SABANAGRANDE,M,55.0,Comunitaria,
SUAN,M,20.0,Relacionado,
PALMAR DE VARELA,M,19.0,Relacionado,
SANTO TOMAS,M,29.0,Comunitaria,
TUBARA,M,18.0,Relacionado,
MALAMBO,F,21.0,Comunitaria,
SOLEDAD,M,40.0,Comunitaria,
GALAPA,M,38.0,Relacionado,
SANTO TOMAS,M,37.0,Comunitaria,
SANTO TOMAS,F,28.0,Comunitaria,
SANTO TOMAS,M,19.0,Comunitaria,
MALAMBO,M,62.0,Comunitaria,
ANSERMA,M,50.0,Comunitaria,
SANTA MARTA,M,41.0,Comunitaria,
VALLEDUPAR,M,57.0,Relacionado,
LA DORADA,M,52.0,Comunitaria,
GALAPA,F,16.0,Relacionado,
SANTA MARTA,M,60.0,Comunitaria,
MALAMBO,M,31.0,Relacionado,
BARANOA,M,57.0,Comunitaria,
TENERIFE,F,57.0,Relacionado,
SOLEDAD,M,51.0,Relacionado,
MALAMBO,M,40.0,Relacionado,
SANTA LUCIA,M,54.0,Relacionado,
MALAMBO,M,34.0,Comunitaria,
SABANAGRANDE,F,33.0,Comunitaria,
SABANAGRANDE,M,31.0,Comunitaria,
SANTO TOMAS,M,30.0,Relacionado,
MALAMBO,F,30.0,Relacionado,
SOLEDAD,F,29.0,Comunitaria,
SUAN,F,17.0,Relacionado,
SUAN,F,29.0,Relacionado,
TUBARA,F,14.0,Relacionado,
JUAN DE ACOSTA,M,36.0,Relacionado,
REPELON,F,32.0,Comunitaria,
POLO NUEVO,F,27.0,Relacionado,
SANTO TOMAS,F,31.0,Comunitaria,
SANTO TOMAS,F,33.0,Relacionado,
PALMAR DE VARELA,M,15.0,Relacionado,
SANTO TOMAS,F,17.0,Relacionado,
SANTO TOMAS,M,32.0,Comunitaria,
BARANOA,F,25.0,Comunitaria,
JUAN DE ACOSTA,F,5.0,Relacionado,
BARANOA,M,22.0,Relacionado,
CIENAGA,M,35.0,Relacionado,
MAGANGUE,F,17.0,Relacionado,
FUNDACION,F,27.0,Relacionado,
SANTA MARTA,M,57.0,Comunitaria,
FUSAGASUGA,F,34.0,Comunitaria,
CAJICA,F,37.0,Comunitaria,
CHARALA,F,43.0,Comunitaria,
NEIVA,F,46.0,Relacionado,
IPIALES,F,40.0,Comunitaria,
PEREIRA,F,34.0,Comunitaria,
CAJICA,F,37.0,Comunitaria,
UBATE,F,37.0,Comunitaria,
LA CRUZ,F,38.0,Comunitaria,
SOGAMOSO,F,27.0,Relacionado,
SANTA MARTA,F,33.0,Relacionado,
TAURAMENA,M,48.0,Relacionado,
AGUSTIN CODAZZI,M,62.0,Relacionado,
TAURAMENA,F,18.0,Comunitaria,
OCAÑA,F,15.0,Relacionado,
FUSAGASUGA,F,22.0,Comunitaria,
LA MESA,F,71.0,Comunitaria,
YACUANQUER,F,44.0,Relacionado,
POPAYAN,M,15.0,Comunitaria,
POPAYAN,M,18.0,Comunitaria,
FLORENCIA,F,63.0,Comunitaria,
ALBANIA,F,14.0,Comunitaria,
VILLAVICENCIO,F,53.0,Comunitaria,
ARATOCA,F,66.0,Comunitaria,
MOMPOS,F,46.0,Relacionado,
LA CRUZ,M,41.0,Comunitaria,
CHIQUINQUIRA,F,36.0,Relacionado,
OCAÑA,M,32.0,Comunitaria,
FLORENCIA,M,37.0,Comunitaria,
IPIALES,M,20.0,Relacionado,
LA VIRGINIA,M,37.0,Comunitaria,
FILADELFIA,F,51.0,Comunitaria,
PASTO,F,48.0,Relacionado,
MANIZALES,F,68.0,Relacionado,
VILLAVICENCIO,M,45.0,Relacionado,
IBAGUE,M,6.0,Relacionado,
PEREIRA,M,24.0,Comunitaria,
BARRANCABERMEJA,M,32.0,Comunitaria,
SANTA ROSA DE CABAL,M,40.0,Comunitaria,
OCAÑA,F,47.0,Comunitaria,
SANTA MARTA,F,57.0,Comunitaria,
BUCARAMANGA,F,21.0,Relacionado,
GUAMAL,F,66.0,Relacionado,
CARTAGENA,M,16.0,Comunitaria,
MONTERIA,M,90.0,Comunitaria,
GRANADA,F,51.0,Comunitaria,
FUSAGASUGA,F,49.0,Comunitaria,
MANIZALES,F,31.0,Comunitaria,
IBAGUE,F,32.0,Comunitaria,
CALI,F,26.0,Relacionado,
CALI,M,26.0,Comunitaria,
CALI,F,26.0,Comunitaria,
CALI,F,26.0,Relacionado,
CALI,F,26.0,Relacionado,
CALI,F,26.0,Relacionado,
CALI,M,25.0,Relacionado,
CALI,M,25.0,Comunitaria,
CALI,F,25.0,Comunitaria,
CALI,M,25.0,Comunitaria,
CALI,M,25.0,Relacionado,
CALI,M,24.0,Comunitaria,
CALI,F,23.0,Comunitaria,
CALI,M,27.0,Relacionado,
CALI,M,23.0,Comunitaria,
CALI,F,22.0,Comunitaria,
CALI,M,22.0,Relacionado,
CALI,F,10.0,Relacionado,
CALI,F,10.0,Relacionado,
CALI,F,30.0,Comunitaria,
CALI,F,29.0,Relacionado,
CALI,M,29.0,Relacionado,
CALI,F,29.0,Comunitaria,
CALI,M,28.0,Relacionado,
CALI,F,28.0,Comunitaria,
CALI,F,28.0,Comunitaria,
CALI,F,27.0,Comunitaria,
CALI,F,27.0,Relacionado,
CALI,F,27.0,Comunitaria,
CALI,M,27.0,Comunitaria,
CALI,M,26.0,Comunitaria,
CALI,M,26.0,Comunitaria,
CALI,M,24.0,Relacionado,
CALI,M,52.0,Relacionado,
CALI,F,21.0,Relacionado,
CALI,M,20.0,Comunitaria,
CALI,F,20.0,Comunitaria,
CALI,F,19.0,Relacionado,
CALI,F,17.0,Relacionado,
CALI,F,19.0,Relacionado,
CALI,F,18.0,Comunitaria,
CALI,F,19.0,Relacionado,
CALI,F,19.0,Comunitaria,
CALI,M,4.0,Relacionado,
CALI,M,3.0,Relacionado,
CALI,F,23.0,Comunitaria,
CALI,F,21.0,Comunitaria,
CALI,F,1.0,Relacionado,
BARRANQUILLA,M,27.0,Relacionado,
BARRANQUILLA,M,44.0,Comunitaria,
BARRANQUILLA,F,27.0,Relacionado,
BARRANQUILLA,M,29.0,Relacionado,
BARRANQUILLA,F,20.0,Relacionado,
BARRANQUILLA,F,22.0,Comunitaria,
BARRANQUILLA,F,33.0,Comunitaria,
BARRANQUILLA,F,60.0,Comunitaria,
BOGOTA,F,27.0,Relacionado,
BOGOTA,M,27.0,Comunitaria,
BOGOTA,M,27.0,Relacionado,
BOGOTA,M,27.0,Relacionado,
BOGOTA,M,28.0,Relacionado,
BOGOTA,M,29.0,Comunitaria,
BOGOTA,M,29.0,Comunitaria,
BOGOTA,F,30.0,Relacionado,
BOGOTA,M,30.0,Comunitaria,
BOGOTA,M,30.0,Comunitaria,
BOGOTA,M,30.0,Comunitaria,
BOGOTA,F,31.0,Comunitaria,
BOGOTA,F,31.0,Comunitaria,
BOGOTA,M,31.0,Comunitaria,
BOGOTA,F,32.0,Comunitaria,
BOGOTA,F,32.0,Relacionado,
BOGOTA,F,32.0,Relacionado,
MANIZALES,F,17.0,Comunitaria,
LETICIA,M,51.0,Relacionado,
SANTA MARTA,F,57.0,Comunitaria,
VILLAVICENCIO,M,68.0,Relacionado,
SAMACA,M,22.0,Relacionado,
PUERTO ASIS,F,32.0,Relacionado,
ZIPAQUIRA,F,62.0,Comunitaria,
FUSAGASUGA,M,75.0,Comunitaria,
SANTA MARTA,M,7.0,Comunitaria,
SOACHA,M,58.0,Comunitaria,
SOGAMOSO,M,49.0,Relacionado,
CAJICA,M,19.0,Comunitaria,
NEIVA,F,32.0,Relacionado,
FLORENCIA,F,25.0,Comunitaria,
PASTO,F,27.0,Comunitaria,
POPAYAN,M,73.0,Relacionado,
VILLAVICENCIO,F,39.0,Comunitaria,
CAJICA,F,36.0,Comunitaria,
CAJICA,F,83.0,Comunitaria,
CHAPARRAL,M,75.0,Relacionado,
MAICAO,F,69.0,Comunitaria,
PUERTO CARREÑO,F,37.0,Relacionado,
PASTO,F,56.0,Comunitaria,
SAPUYES,F,19.0,Comunitaria,
COTA,F,58.0,Relacionado,
SOLEDAD,F,21.0,Comunitaria,
PEREIRA,F,78.0,Comunitaria,
LA DORADA,F,25.0,Comunitaria,
SANTA MARTA,F,23.0,Comunitaria,
FLORENCIA,F,31.0,Relacionado,
SOLEDAD,F,40.0,Relacionado,
LETICIA,M,70.0,Relacionado,
ZIPAQUIRA,F,42.0,Relacionado,
SAN MARTIN,M,30.0,Comunitaria,
SOACHA,F,16.0,Relacionado,
ZIPAQUIRA,M,46.0,Comunitaria,
GUADALUPE,M,14.0,Relacionado,
POPAYAN,F,40.0,Relacionado,
NEIVA,M,28.0,Comunitaria,
ARMENIA,F,38.0,Relacionado,
LETICIA,F,90.0,Comunitaria,
MANIZALES,M,50.0,Comunitaria,
CERETE,F,40.0,Comunitaria,
FACATATIVA,F,28.0,Comunitaria,
VILLAVICENCIO,F,43.0,Comunitaria,
IBAGUE,F,68.0,Comunitaria,
LINARES,M,14.0,Relacionado,
CHIA,M,79.0,Relacionado,
SANTA MARTA,F,61.0,Comunitaria,
TOCANCIPA,M,34.0,Relacionado,
TANGUA,M,46.0,Comunitaria,
GUASCA,F,35.0,Comunitaria,
BARRANCA DE UPIA,F,36.0,Comunitaria,
MONIQUIRA,F,55.0,Relacionado,
FACATATIVA,M,50.0,Comunitaria,
SOLEDAD,M,40.0,Comunitaria,
CUCUTA,F,42.0,Relacionado,
VALLEDUPAR,F,57.0,Comunitaria,
CIENAGA,F,48.0,Comunitaria,
TANGUA,F,59.0,Comunitaria,
CAJICA,M,22.0,Comunitaria,
PUERTO BOYACA,M,98.0,Relacionado,
MANIZALES,F,54.0,Comunitaria,
ACACIAS,M,35.0,Comunitaria,
FACATATIVA,F,34.0,Comunitaria,
EL RETORNO,M,70.0,Comunitaria,
ARAUCA,M,50.0,Comunitaria,
ARMENIA,M,54.0,Relacionado,
DUITAMA,F,48.0,Relacionado,
PEREIRA,F,55.0,Comunitaria,
VILLAMARIA,M,75.0,Comunitaria,
LETICIA,M,55.0,Comunitaria,
ARJONA,F,26.0,Comunitaria,
FILADELFIA,M,29.0,Relacionado,
SANTA MARTA,F,62.0,Relacionado,
NEIVA,M,40.0,Comunitaria,
SANTA MARTA,F,41.0,Comunitaria,
COMBITA,M,41.0,Comunitaria,
MEDELLIN,F,77.0,Relacionado,
VALDIVIA,F,45.0,Relacionado,
ENVIGADO,F,72.0,Comunitaria,
BELLO,F,43.0,Comunitaria,
MEDELLIN,F,35.0,Relacionado,
MEDELLIN,F,77.0,Relacionado,
MEDELLIN,F,66.0,Comunitaria,
MEDELLIN,F,82.0,Relacionado,
MEDELLIN,F,91.0,Comunitaria,
MEDELLIN,F,94.0,Relacionado,
MEDELLIN,M,36.0,Comunitaria,
MEDELLIN,M,47.0,Comunitaria,
GUARNE,M,48.0,Comunitaria,
RIOHACHA,F,29.0,Relacionado,
FONSECA,F,42.0,Relacionado,
RIOHACHA,F,26.0,Comunitaria,
BARRANCAS,F,26.0,Comunitaria,
RIOHACHA,F,1.0,Comunitaria,
FONSECA,M,23.0,Comunitaria,
RIOHACHA,F,76.0,Comunitaria,
RIOHACHA,F,41.0,Comunitaria,
RIOHACHA,F,27.0,Comunitaria,
FONSECA,M,4.0,Comunitaria,
FONSECA,F,32.0,Comunitaria,
RIOHACHA,M,39.0,Relacionado,
URIBIA,M,13.0,Relacionado,
MAICAO,M,51.0,Comunitaria,
CUCUTA,F,23.0,Comunitaria,
IPIALES,M,21.0,Comunitaria,
CUCUTA,M,26.0,Relacionado,
IBAGUE,F,30.0,Comunitaria,
CARTAGENA,F,40.0,Comunitaria,
PIEDECUESTA,F,38.0,Comunitaria,
UBATE,F,40.0,Comunitaria,
MANIZALES,M,33.0,Comunitaria,
LA CALERA,F,1.0,Comunitaria,
SINCELEJO,F,23.0,Comunitaria,
CARTAGENA,F,41.0,Comunitaria,
VALLEDUPAR,M,41.0,Comunitaria,
BARRANQUILLA,M,66.0,Comunitaria,
CUCUTA,F,9.0,Comunitaria,
AGUACHICA,F,21.0,Comunitaria,
LA CRUZ,M,49.0,Comunitaria,
AIPE,M,30.0,Comunitaria,
LA CRUZ,F,30.0,Comunitaria,
TUNJA,M,40.0,Relacionado,
PEREIRA,M,38.0,Comunitaria,
CARTAGENA,F,20.0,Comunitaria,
DUITAMA,M,35.0,Comunitaria,
CARTAGENA,M,57.0,Comunitaria,
SOACHA,M,30.0,Comunitaria,
CARTAGENA,F,28.0,Comunitaria,
MADRID,F,24.0,Comunitaria,
SOACHA,M,54.0,Comunitaria,
PEREIRA,M,55.0,Comunitaria,
SAN JUAN NEPOMUCENO,F,41.0,Comunitaria,
BUCARAMANGA,F,49.0,Relacionado,
BARRANQUILLA,M,38.0,Comunitaria,
BUCARAMANGA,F,21.0,Comunitaria,
CUCUTA,M,33.0,Comunitaria,
BUCARAMANGA,F,32.0,Comunitaria,
VALLE DEL GUAMUEZ,M,80.0,Comunitaria,
PEREIRA,M,54.0,Comunitaria,
MANIZALES,F,2.0,Comunitaria,
SAN ANDRES,M,26.0,Comunitaria,
SAN JUAN NEPOMUCENO,F,24.0,Comunitaria,
FLORIDABLANCA,M,22.0,Comunitaria,
GIRARDOT,M,53.0,Comunitaria,
VILLAVICENCIO,F,91.0,Comunitaria,
MANIZALES,F,61.0,Comunitaria,
CARTAGENA,M,39.0,Comunitaria,
SAN JUAN NEPOMUCENO,M,53.0,Comunitaria,
PASTO,F,17.0,Comunitaria,
CUCUTA,M,27.0,Comunitaria,
ARMENIA,F,34.0,Comunitaria,
CUCUTA,M,27.0,Comunitaria,
VILLAVICENCIO,M,37.0,Comunitaria,
BARRANQUILLA,F,30.0,Comunitaria,
PEREIRA,F,19.0,Comunitaria,
DOSQUEBRADAS,M,48.0,Comunitaria,
SANTA ROSA DE CABAL,F,28.0,Comunitaria,
ZIPAQUIRA,M,42.0,Comunitaria,
TUNJA,M,46.0,Comunitaria,
GIRARDOT,F,34.0,Importado,
BUCARAMANGA,F,23.0,Comunitaria,
MAGANGUE,M,64.0,Comunitaria,
MAGANGUE,F,14.0,Comunitaria,
MAGANGUE,M,13.0,Comunitaria,
VALLEDUPAR,F,26.0,Comunitaria,
MAGANGUE,M,54.0,Comunitaria,
BARRANQUILLA,M,16.0,Comunitaria,
SOACHA,F,78.0,Comunitaria,
SARAVENA,M,29.0,Relacionado,
CALI,F,29.0,Comunitaria,
VALLEDUPAR,M,50.0,Comunitaria,
CALI,M,33.0,Comunitaria,
CALI,F,57.0,Comunitaria,
SINCELEJO,F,71.0,Comunitaria,
VILLAVICENCIO,M,73.0,Comunitaria,
SINCELEJO,F,52.0,Comunitaria,
SOACHA,F,28.0,Comunitaria,
SINCELEJO,F,29.0,Comunitaria,
CUCUTA,M,29.0,Comunitaria,
BOGOTA,F,32.0,Comunitaria,
BOGOTA,M,62.0,Comunitaria,
BOGOTA,M,25.0,Comunitaria,
BOGOTA,F,43.0,Comunitaria,
BOGOTA,F,38.0,Comunitaria,
BOGOTA,M,58.0,Relacionado,
BOGOTA,F,31.0,Comunitaria,
BOGOTA,F,31.0,Comunitaria,
BOGOTA,M,32.0,Comunitaria,
BOGOTA,M,78.0,Comunitaria,
BOGOTA,F,31.0,Comunitaria,
BOGOTA,M,49.0,Comunitaria,
BOGOTA,F,38.0,Comunitaria,
BOGOTA,F,16.0,Relacionado,
BOGOTA,F,15.0,Relacionado,
BOGOTA,F,29.0,Relacionado,
BOGOTA,M,50.0,Comunitaria,
BOGOTA,M,34.0,Relacionado,
BOGOTA,M,37.0,Comunitaria,
BOGOTA,M,29.0,Comunitaria,
BOGOTA,M,29.0,Comunitaria,
BUGA,M,53.0,Comunitaria,
MANIZALES,M,42.0,Comunitaria,
SOLEDAD,M,44.0,Relacionado,
SUPIA,M,25.0,Relacionado,
POPAYAN,F,31.0,Relacionado,
SOLEDAD,M,52.0,Comunitaria,
SOLEDAD,M,45.0,Comunitaria,
SANTA MARTA,M,44.0,Comunitaria,
MONTERIA,M,15.0,Relacionado,
SANTA MARTA,F,19.0,Relacionado,
SOLEDAD,F,26.0,Relacionado,
SANTA MARTA,F,36.0,Comunitaria,
SANTA MARTA,F,45.0,Relacionado,
ARMENIA,F,55.0,Relacionado,
SANTA MARTA,F,34.0,Comunitaria,
ARMENIA,F,55.0,Relacionado,
PEREIRA,F,44.0,Relacionado,
SOLEDAD,M,19.0,Relacionado,
SOLEDAD,F,47.0,Relacionado,
PEREIRA,M,87.0,Comunitaria,
SANTA MARTA,F,60.0,Comunitaria,
SANTA MARTA,F,72.0,Comunitaria,
SOLEDAD,M,84.0,Comunitaria,
DOSQUEBRADAS,F,72.0,Comunitaria,
PEREIRA,F,64.0,Relacionado,
PEREIRA,F,65.0,Relacionado,
SANTA MARTA,F,40.0,Relacionado,
SOLEDAD,F,85.0,Relacionado,
SOLEDAD,F,80.0,Comunitaria,
BOGOTA,M,53.0,Comunitaria,
BOGOTA,M,65.0,Comunitaria,
BOGOTA,F,12.0,Comunitaria,
BOGOTA,F,25.0,Relacionado,
BOGOTA,F,39.0,Comunitaria,
BOGOTA,F,61.0,Comunitaria,
BOGOTA,F,41.0,Comunitaria,
BOGOTA,F,59.0,Relacionado,
BOGOTA,F,21.0,Comunitaria,
BOGOTA,F,40.0,Relacionado,
BOGOTA,F,9.0,Relacionado,
BOGOTA,M,13.0,Relacionado,
BOGOTA,F,72.0,Comunitaria,
BOGOTA,M,44.0,Importado,
BOGOTA,F,15.0,Comunitaria,
BOGOTA,F,54.0,Relacionado,
BOGOTA,F,28.0,Comunitaria,
BOGOTA,F,25.0,Comunitaria,
BOGOTA,M,31.0,Relacionado,
BOGOTA,F,67.0,Relacionado,
BOGOTA,F,34.0,Comunitaria,
BOGOTA,M,37.0,Comunitaria,
BOGOTA,M,41.0,Importado,
BOGOTA,M,37.0,Relacionado,
BOGOTA,F,27.0,Relacionado,
BOGOTA,F,10.0,Comunitaria,
BOGOTA,M,22.0,Relacionado,
BOGOTA,F,48.0,Relacionado,
BOGOTA,F,50.0,Relacionado,
BOGOTA,F,37.0,Relacionado,
BOGOTA,M,19.0,Relacionado,
BOGOTA,M,45.0,Comunitaria,
BOGOTA,F,18.0,Comunitaria,
BOGOTA,M,34.0,Comunitaria,
BOGOTA,F,81.0,Comunitaria,
BOGOTA,F,40.0,Comunitaria,
BOGOTA,M,38.0,Relacionado,
BOGOTA,F,54.0,Relacionado,
BOGOTA,F,38.0,Comunitaria,
BOGOTA,M,55.0,Relacionado,
BOGOTA,F,52.0,Relacionado,
BOGOTA,M,32.0,Relacionado,
BOGOTA,F,20.0,Comunitaria,
BOGOTA,F,35.0,Comunitaria,
BOGOTA,M,75.0,Relacionado,
BOGOTA,M,67.0,Comunitaria,
BOGOTA,F,58.0,Comunitaria,
BOGOTA,F,45.0,Comunitaria,
BOGOTA,M,46.0,Comunitaria,
BOGOTA,F,35.0,Comunitaria,
BOGOTA,M,53.0,Relacionado,
BOGOTA,M,35.0,Comunitaria,
BOGOTA,F,53.0,Relacionado,
MALAMBO,F,28.0,Comunitaria,
JUAN DE ACOSTA,F,25.0,Comunitaria,
SABANALARGA,F,41.0,Comunitaria,
SABANAGRANDE,M,43.0,Comunitaria,
CARTAGENA,F,32.0,Comunitaria,
ESPINAL,M,38.0,Relacionado,
PASTO,M,31.0,Comunitaria,
BARRANQUILLA,F,18.0,Comunitaria,
SINCELEJO,F,25.0,Comunitaria,
BARRANQUILLA,F,8.0,Comunitaria,
BARRANQUILLA,M,32.0,Relacionado,
BARRANQUILLA,M,6.0,Comunitaria,
EL CARMEN DE BOLIVAR,F,28.0,Comunitaria,
SAMPUES,M,23.0,Relacionado,
SAMPUES,M,3.0,Comunitaria,
SAMPUES,M,31.0,Comunitaria,
SINCELEJO,M,30.0,Comunitaria,
ESPINAL,M,31.0,Relacionado,
BARRANQUILLA,F,33.0,Relacionado,
ESPINAL,M,23.0,Relacionado,
BARRANQUILLA,M,28.0,Relacionado,
SOLEDAD,F,29.0,Comunitaria,
BARRANQUILLA,M,22.0,Comunitaria,
SABANAGRANDE,M,26.0,Comunitaria,
SINCELEJO,M,21.0,Comunitaria,
SOLEDAD,M,86.0,Comunitaria,
BARRANQUILLA,F,78.0,Comunitaria,
BARRANQUILLA,F,76.0,Comunitaria,
PALMIRA,F,66.0,Comunitaria,
CAICEDONIA,M,38.0,Comunitaria,
CAICEDONIA,M,47.0,Comunitaria,
CAICEDONIA,F,35.0,Comunitaria,
CAICEDONIA,F,47.0,Comunitaria,
CAICEDONIA,F,33.0,Comunitaria,
CAICEDONIA,F,27.0,Relacionado,
CAICEDONIA,M,19.0,Comunitaria,
CAICEDONIA,F,18.0,Comunitaria,
BUGA,F,53.0,Comunitaria,
PALMIRA,F,73.0,Comunitaria,
DAGUA,M,39.0,Comunitaria,
DAGUA,M,46.0,Comunitaria,
ROLDANILLO,F,3.0,Relacionado,
BUGA,M,7.0,Comunitaria,
ROLDANILLO,F,17.0,Comunitaria,
TULUA,M,50.0,Relacionado,
ROLDANILLO,F,52.0,Comunitaria,
CARTAGO,F,41.0,Comunitaria,
TULUA,F,58.0,Comunitaria,
CAICEDONIA,M,42.0,Comunitaria,
BUGA,M,43.0,Comunitaria,
CAICEDONIA,F,28.0,Relacionado,
BUGA,M,34.0,Comunitaria,
ROLDANILLO,M,25.0,Comunitaria,
CARTAGO,F,21.0,Comunitaria,
TULUA,M,59.0,Relacionado,
FLORIDA,M,2.0,Comunitaria,
TULUA,F,76.0,Relacionado,
TULUA,M,85.0,Relacionado,
TULUA,F,81.0,Comunitaria,
TULUA,M,35.0,Relacionado,
MEDELLIN,F,31.0,Comunitaria,
ITAGUI,M,31.0,Relacionado,
ITAGUI,F,31.0,Relacionado,
MEDELLIN,M,14.0,Relacionado,
MEDELLIN,M,32.0,Comunitaria,
MEDELLIN,M,32.0,Comunitaria,
ITAGUI,M,32.0,Relacionado,
MEDELLIN,F,33.0,Comunitaria,
MEDELLIN,M,32.0,Comunitaria,
ITAGUI,M,33.0,Comunitaria,
MEDELLIN,M,33.0,Relacionado,
ITAGUI,F,33.0,Comunitaria,
ITAGUI,M,33.0,Comunitaria,
ITAGUI,F,33.0,Comunitaria,
ITAGUI,M,33.0,Relacionado,
MEDELLIN,M,33.0,Relacionado,
ITAGUI,M,34.0,Relacionado,
MEDELLIN,F,33.0,Comunitaria,
MEDELLIN,M,34.0,Comunitaria,
MEDELLIN,M,34.0,Relacionado,
ITAGUI,M,34.0,Comunitaria,
MEDELLIN,F,4.0,Relacionado,
MEDELLIN,M,7.0,Relacionado,
BARRANQUILLA,F,30.0,Relacionado,
BARRANQUILLA,F,32.0,Relacionado,
BARRANQUILLA,F,33.0,Comunitaria,
BARRANQUILLA,F,76.0,Comunitaria,
BARRANQUILLA,F,73.0,Relacionado,
BARRANQUILLA,F,41.0,Comunitaria,
BARRANQUILLA,F,56.0,Comunitaria,
BARRANQUILLA,F,56.0,Relacionado,
BARRANQUILLA,F,57.0,Relacionado,
BARRANQUILLA,F,36.0,Comunitaria,
BARRANQUILLA,F,35.0,Comunitaria,
BARRANQUILLA,F,41.0,Relacionado,
BARRANQUILLA,M,38.0,Relacionado,
BARRANQUILLA,M,20.0,Comunitaria,
BARRANQUILLA,M,17.0,Relacionado,
BARRANQUILLA,F,20.0,Relacionado,
BARRANQUILLA,F,23.0,Comunitaria,
BARRANQUILLA,F,20.0,Relacionado,
BARRANQUILLA,F,18.0,Relacionado,
BARRANQUILLA,F,18.0,Comunitaria,
BARRANQUILLA,M,18.0,Relacionado,
BARRANQUILLA,F,22.0,Comunitaria,
BARRANQUILLA,M,20.0,Relacionado,
BARRANQUILLA,M,19.0,Comunitaria,
BARRANQUILLA,M,19.0,Comunitaria,
BARRANQUILLA,F,19.0,Comunitaria,
BARRANQUILLA,M,24.0,Comunitaria,
BARRANQUILLA,F,32.0,Relacionado,
BARRANQUILLA,M,21.0,Relacionado,
BARRANQUILLA,F,22.0,Relacionado,
BARRANQUILLA,M,19.0,Comunitaria,
BARRANQUILLA,F,19.0,Relacionado,
BARRANQUILLA,M,19.0,Relacionado,
BARRANQUILLA,F,29.0,Relacionado,
BARRANQUILLA,F,23.0,Comunitaria,
BARRANQUILLA,F,19.0,Comunitaria,
BARRANQUILLA,F,24.0,Relacionado,
BARRANQUILLA,F,51.0,Comunitaria,
BARRANQUILLA,F,20.0,Comunitaria,
BARRANQUILLA,F,28.0,Relacionado,
BARRANQUILLA,F,20.0,Relacionado,
BARRANQUILLA,M,56.0,Relacionado,
BARRANQUILLA,M,13.0,Relacionado,
BARRANQUILLA,M,13.0,Relacionado,
BARRANQUILLA,F,18.0,Relacionado,
BARRANQUILLA,F,17.0,Relacionado,
BARRANQUILLA,M,15.0,Relacionado,
BARRANQUILLA,M,15.0,Relacionado,
BARRANQUILLA,F,12.0,Relacionado,
BARRANQUILLA,F,64.0,Comunitaria,
BOGOTA,M,77.0,Relacionado,
BOGOTA,M,92.0,Relacionado,
BOGOTA,M,78.0,Relacionado,
BOGOTA,M,84.0,Relacionado,
BOGOTA,M,67.0,Relacionado,
BOGOTA,M,68.0,Relacionado,
BOGOTA,M,79.0,Relacionado,
BOGOTA,M,80.0,Relacionado,
BOGOTA,M,82.0,Relacionado,
BOGOTA,M,85.0,Relacionado,
BOGOTA,M,85.0,Relacionado,
BOGOTA,M,85.0,Relacionado,
BOGOTA,M,87.0,Relacionado,
BOGOTA,M,75.0,Comunitaria,
BOGOTA,M,41.0,Comunitaria,
BOGOTA,F,41.0,Comunitaria,
BOGOTA,F,46.0,Comunitaria,
BOGOTA,M,57.0,Comunitaria,
BOGOTA,M,35.0,Comunitaria,
BOGOTA,F,51.0,Comunitaria,
BOGOTA,M,36.0,Comunitaria,
BOGOTA,F,34.0,Relacionado,
BOGOTA,F,60.0,Comunitaria,
BOGOTA,M,28.0,Comunitaria,
BOGOTA,M,2.0,Comunitaria,
BOGOTA,F,27.0,Comunitaria,
BOGOTA,M,32.0,Relacionado,
BOGOTA,M,28.0,Comunitaria,
BOGOTA,F,43.0,Comunitaria,
BOGOTA,F,25.0,Comunitaria,
BOGOTA,F,63.0,Comunitaria,
BOGOTA,M,2.0,Relacionado,
BOGOTA,F,84.0,Relacionado,
BOGOTA,M,87.0,Comunitaria,
BOGOTA,M,27.0,Relacionado,
BOGOTA,F,91.0,Relacionado,
BOGOTA,F,51.0,Relacionado,
BOGOTA,F,14.0,Relacionado,
BOGOTA,M,27.0,Comunitaria,
BOGOTA,F,26.0,Comunitaria,
BOGOTA,F,63.0,Comunitaria,
BOGOTA,F,32.0,Relacionado,
BOGOTA,M,32.0,Comunitaria,
BOGOTA,M,56.0,Relacionado,
BOGOTA,M,22.0,Comunitaria,
BOGOTA,F,16.0,Relacionado,
BOGOTA,F,24.0,Relacionado,
BOGOTA,F,60.0,Relacionado,
BOGOTA,F,31.0,Relacionado,
BOGOTA,F,19.0,Relacionado,
MANIZALES,F,51.0,Relacionado,
SAN PABLO DE BORBUR,M,63.0,Comunitaria,
DOSQUEBRADAS,F,38.0,Comunitaria,
FLORENCIA,F,50.0,Relacionado,
LORICA,F,66.0,Comunitaria,
MEDELLIN,M,28.0,Comunitaria,
MEDELLIN,F,33.0,Relacionado,
ARMENIA,F,59.0,Comunitaria,
PEREIRA,F,32.0,Comunitaria,
SANTA ROSA DE CABAL,F,65.0,Comunitaria,
MEDELLIN,F,74.0,Relacionado,
MEDELLIN,M,28.0,Comunitaria,
CALI,F,25.0,Comunitaria,
MARIPI,M,38.0,Comunitaria,
MEDELLIN,M,30.0,Relacionado,
BELLO,M,32.0,Comunitaria,
MEDELLIN,M,44.0,Relacionado,
MANIZALES,M,70.0,Comunitaria,
MANIZALES,M,30.0,Comunitaria,
ARMENIA,F,50.0,Comunitaria,
SANTA ROSA DE CABAL,F,37.0,Comunitaria,
YOPAL,F,33.0,Comunitaria,
SOLEDAD,M,42.0,Comunitaria,
PASTO,M,60.0,Comunitaria,
ENVIGADO,M,69.0,Relacionado,
BOSCONIA,M,40.0,Comunitaria,
RIOHACHA,M,29.0,Relacionado,
BOGOTA,M,16.0,Relacionado,
BOGOTA,F,17.0,Relacionado,
BOGOTA,M,17.0,Relacionado,
BOGOTA,M,17.0,Relacionado,
BOGOTA,F,18.0,Relacionado,
BOGOTA,M,18.0,Relacionado,
BOGOTA,F,19.0,Comunitaria,
BOGOTA,M,19.0,Relacionado,
BOGOTA,F,20.0,Comunitaria,
BOGOTA,F,20.0,Relacionado,
BOGOTA,M,22.0,Comunitaria,
BOGOTA,M,22.0,Comunitaria,
BOGOTA,F,23.0,Relacionado,
BOGOTA,M,23.0,Comunitaria,
MEDELLIN,M,32.0,Comunitaria,
MEDELLIN,F,32.0,Comunitaria,
MEDELLIN,F,33.0,Comunitaria,
BELLO,F,34.0,Comunitaria,
MEDELLIN,M,34.0,Comunitaria,
MEDELLIN,M,34.0,Comunitaria,
MEDELLIN,F,34.0,Comunitaria,
MEDELLIN,M,34.0,Relacionado,
MEDELLIN,M,35.0,Comunitaria,
MEDELLIN,F,35.0,Relacionado,
RIONEGRO,F,33.0,Relacionado,
ENVIGADO,M,34.0,Relacionado,
BARRANQUILLA,F,5.0,Relacionado,
BARRANQUILLA,F,34.0,Relacionado,
BARRANQUILLA,M,28.0,Comunitaria,
BARRANQUILLA,F,33.0,Comunitaria,
BARRANQUILLA,F,33.0,Relacionado,
BARRANQUILLA,F,28.0,Relacionado,
BARRANQUILLA,F,27.0,Comunitaria,
MEDELLIN,M,33.0,Relacionado,
BELLO,F,31.0,Comunitaria,
BELLO,M,57.0,Comunitaria,
MEDELLIN,F,83.0,Comunitaria,
UBATE,F,30.0,Comunitaria,
VILLAVICENCIO,F,25.0,Comunitaria,
BOGOTA,M,25.0,Comunitaria,
BOGOTA,M,32.0,Comunitaria,
BOGOTA,F,3.0,Relacionado,
BOGOTA,M,11.0,Relacionado,
BOGOTA,M,42.0,Comunitaria,
BOGOTA,F,31.0,Comunitaria,
BOGOTA,M,63.0,Comunitaria,
BOGOTA,F,25.0,Relacionado,
BOGOTA,F,34.0,Comunitaria,
BOGOTA,F,70.0,Comunitaria,
BOGOTA,F,13.0,Comunitaria,
BOGOTA,F,16.0,Comunitaria,
BOGOTA,F,66.0,Comunitaria,
BOGOTA,F,49.0,Comunitaria,
BOGOTA,F,37.0,Relacionado,
BOGOTA,F,11.0,Relacionado,
BOGOTA,F,63.0,Comunitaria,
BOGOTA,F,37.0,Comunitaria,
BOGOTA,M,65.0,Comunitaria,
BOGOTA,F,95.0,Comunitaria,
NEIVA,F,33.0,Relacionado,
NEIVA,F,44.0,Relacionado,
SOLEDAD,M,30.0,Comunitaria,
BARRANQUILLA,M,52.0,Comunitaria,
VILLAVICENCIO,M,23.0,Relacionado,
BARRANQUILLA,M,73.0,Comunitaria,
BARRANQUILLA,M,37.0,Comunitaria,
GALAPA,M,80.0,Comunitaria,
SOLEDAD,M,56.0,Comunitaria,
BARRANQUILLA,M,44.0,Comunitaria,
MALAMBO,M,73.0,Comunitaria,
SOLEDAD,M,30.0,Comunitaria,
SANTA MARTA,M,77.0,Comunitaria,
PUEBLOVIEJO,F,30.0,Relacionado,
PUEBLOVIEJO,M,62.0,Relacionado,
PUEBLOVIEJO,F,58.0,Relacionado,
PUEBLOVIEJO,F,76.0,Relacionado,
PUEBLOVIEJO,F,39.0,Relacionado,
SABANAGRANDE,M,12.0,Relacionado,
SABANAGRANDE,F,23.0,Relacionado,
MALAMBO,F,38.0,Comunitaria,
BARANOA,M,39.0,Comunitaria,
SABANALARGA,M,52.0,Comunitaria,
SABANALARGA,M,24.0,Comunitaria,
SOLEDAD,M,52.0,Comunitaria,
BARRANQUILLA,F,63.0,Comunitaria,
LETICIA,M,41.0,Comunitaria,
LETICIA,F,15.0,Relacionado,
LETICIA,F,5.0,Comunitaria,
LETICIA,M,9.0,Relacionado,
LETICIA,M,39.0,Comunitaria,
CARTAGENA,M,36.0,Comunitaria,
CAIMITO,M,40.0,Comunitaria,
MEDELLIN,F,25.0,Comunitaria,
MEDELLIN,F,33.0,Comunitaria,
BARRANQUILLA,M,5.0,Comunitaria,
BELLO,M,11.0,Comunitaria,
VIJES,F,18.0,Comunitaria,
VERSALLES,M,23.0,Comunitaria,
VERSALLES,F,22.0,Comunitaria,
PALMIRA,M,40.0,Comunitaria,
PALMIRA,F,49.0,Comunitaria,
PALMIRA,M,26.0,Comunitaria,
PALMIRA,M,71.0,Comunitaria,
PALMIRA,M,86.0,Comunitaria,
PALMIRA,F,57.0,Comunitaria,
PALMIRA,M,58.0,Comunitaria,
PALMIRA,F,38.0,Comunitaria,
PALMIRA,F,58.0,Comunitaria,
PALMIRA,M,61.0,Comunitaria,
ZARZAL,M,68.0,Comunitaria,
ZARZAL,M,47.0,Comunitaria,
ZARZAL,M,42.0,Comunitaria,
ZARZAL,M,43.0,Comunitaria,
ZARZAL,F,23.0,Comunitaria,
CARTAGO,M,26.0,Comunitaria,
ZARZAL,F,33.0,Comunitaria,
ZARZAL,F,23.0,Comunitaria,
ZARZAL,F,22.0,Comunitaria,
ZARZAL,M,23.0,Comunitaria,
ZARZAL,F,30.0,Comunitaria,
ZARZAL,M,29.0,Comunitaria,
ZARZAL,F,27.0,Comunitaria,
ZARZAL,M,28.0,Comunitaria,
ZARZAL,F,29.0,Comunitaria,
ZARZAL,M,55.0,Comunitaria,
ZARZAL,F,42.0,Comunitaria,
ZARZAL,F,35.0,Comunitaria,
ZARZAL,F,36.0,Comunitaria,
ZARZAL,F,57.0,Comunitaria,
BUENAVENTURA,M,56.0,Comunitaria,
CALI,F,88.0,Comunitaria,
TULUA,M,27.0,Comunitaria,
JAMUNDI,M,36.0,Comunitaria,
PALMIRA,M,22.0,Comunitaria,
CALI,M,20.0,Relacionado,
CALI,M,19.0,Relacionado,
ITAGUI,M,14.0,Relacionado,
ENVIGADO,F,8.0,Relacionado,
MEDELLIN,M,18.0,Comunitaria,
MEDELLIN,F,32.0,Comunitaria,
MEDELLIN,F,1.0,Relacionado,
SABANETA,F,13.0,Relacionado,
ITAGUI,M,5.0,Comunitaria,
MEDELLIN,F,12.0,Relacionado,
MEDELLIN,F,12.0,Relacionado,
MEDELLIN,F,34.0,Relacionado,
MEDELLIN,F,20.0,Comunitaria,
MEDELLIN,M,21.0,Comunitaria,
SANTA ROSA DE OSOS,F,30.0,Comunitaria,
MEDELLIN,M,20.0,Comunitaria,
MEDELLIN,M,20.0,Relacionado,
ITAGUI,M,21.0,Relacionado,
MEDELLIN,F,20.0,Comunitaria,
ITAGUI,M,20.0,Relacionado,
ITAGUI,F,20.0,Relacionado,
MEDELLIN,M,20.0,Relacionado,
BELLO,F,21.0,Relacionado,
MEDELLIN,M,21.0,Relacionado,
MEDELLIN,M,19.0,Relacionado,
MEDELLIN,F,18.0,Comunitaria,
MEDELLIN,F,18.0,Relacionado,
MEDELLIN,F,19.0,Comunitaria,
TAMESIS,M,20.0,Relacionado,
MEDELLIN,M,18.0,Comunitaria,
MARINILLA,M,20.0,Comunitaria,
MEDELLIN,M,18.0,Comunitaria,
MEDELLIN,F,13.0,Relacionado,
MEDELLIN,F,12.0,Relacionado,
MEDELLIN,F,24.0,Comunitaria,
SANTA FE DE ANTIOQUIA,F,26.0,Relacionado,
MEDELLIN,F,18.0,Relacionado,
APARTADO,F,23.0,Comunitaria,
ITAGUI,M,14.0,Comunitaria,
RIONEGRO,M,46.0,Comunitaria,
APARTADO,M,17.0,Relacionado,
ENVIGADO,M,10.0,Relacionado,
ITAGUI,M,27.0,Comunitaria,
MEDELLIN,M,34.0,Relacionado,
MARINILLA,M,22.0,Comunitaria,
BELLO,M,22.0,Comunitaria,
MEDELLIN,M,22.0,Comunitaria,
MEDELLIN,M,17.0,Comunitaria,
MEDELLIN,M,20.0,Comunitaria,
BOGOTA,M,22.0,Comunitaria,
BOGOTA,F,27.0,Comunitaria,
BOGOTA,F,43.0,Comunitaria,
BOGOTA,M,53.0,Comunitaria,
BOGOTA,F,54.0,Comunitaria,
BOGOTA,F,57.0,Relacionado,
BOGOTA,M,58.0,Relacionado,
BOGOTA,F,60.0,Relacionado,
BOGOTA,M,56.0,Comunitaria,
BOGOTA,M,59.0,Comunitaria,
BOGOTA,M,15.0,Comunitaria,
BOGOTA,F,28.0,Comunitaria,
BOGOTA,M,33.0,Relacionado,
BOGOTA,M,35.0,Comunitaria,
BOGOTA,F,52.0,Comunitaria,
BOGOTA,M,57.0,Comunitaria,
BOGOTA,M,63.0,Comunitaria,
BOGOTA,M,20.0,Comunitaria,
BOGOTA,F,26.0,Comunitaria,
BOGOTA,M,27.0,Comunitaria,
BOGOTA,F,29.0,Comunitaria,
BOGOTA,M,34.0,Comunitaria,
BOGOTA,F,47.0,Comunitaria,
BOGOTA,M,47.0,Comunitaria,
BOGOTA,M,52.0,Relacionado,
BOGOTA,M,69.0,Comunitaria,
BOGOTA,M,36.0,Comunitaria,
BOGOTA,M,40.0,Relacionado,
BOGOTA,F,67.0,Relacionado,
BOGOTA,M,50.0,Relacionado,
BOGOTA,M,69.0,Relacionado,
BOGOTA,F,36.0,Relacionado,
BOGOTA,F,48.0,Comunitaria,
CALI,F,30.0,Comunitaria,
AGUACHICA,F,68.0,Comunitaria,
MEDELLIN,M,39.0,Relacionado,
SUTAMARCHAN,F,29.0,Relacionado,
AGUACHICA,F,63.0,Comunitaria,
CARTAGENA,M,23.0,Relacionado,
BELLO,M,35.0,Comunitaria,
MEDELLIN,M,22.0,Relacionado,
ITAGUI,F,57.0,Comunitaria,
PEREIRA,M,28.0,Comunitaria,
PUERTO LIBERTADOR,M,51.0,Comunitaria,
COTORRA,F,21.0,Comunitaria,
LORICA,M,81.0,Comunitaria,
CERETE,F,82.0,Comunitaria,
BOGOTA,F,28.0,Relacionado,
BOGOTA,M,56.0,Relacionado,
BOGOTA,F,42.0,Relacionado,
BOGOTA,M,6.0,Relacionado,
BOGOTA,F,6.0,Relacionado,
BOGOTA,F,36.0,Relacionado,
BOGOTA,M,41.0,Relacionado,
BOGOTA,F,8.0,Relacionado,
BOGOTA,F,38.0,Relacionado,
BOGOTA,M,47.0,Relacionado,
BOGOTA,M,53.0,Relacionado,
BOGOTA,F,24.0,Comunitaria,
BOGOTA,M,19.0,Importado,
CALI,M,21.0,Relacionado,
CALI,F,17.0,Comunitaria,
CALI,F,22.0,Comunitaria,
CALI,M,22.0,Comunitaria,
CALI,M,19.0,Relacionado,
CALI,M,22.0,Relacionado,
CALI,M,19.0,Comunitaria,
CALI,M,19.0,Comunitaria,
CALI,F,20.0,Comunitaria,
CALI,M,20.0,Comunitaria,
CALI,F,19.0,Comunitaria,
CALI,F,19.0,Relacionado,
EL PAUJIL,F,48.0,Comunitaria,
NEIVA,M,27.0,Comunitaria,
CARTAGENA,F,29.0,Comunitaria,
BOSCONIA,M,24.0,Comunitaria,
VALLEDUPAR,F,44.0,Comunitaria,
PEREIRA,M,24.0,Relacionado,
PEREIRA,M,20.0,Relacionado,
CALI,F,58.