<?xml version="1.0" encoding="UTF-8"?>
<project-private xmlns="http://www.netbeans.org/ns/project-private/1">
    <editor-bookmarks xmlns="http://www.netbeans.org/ns/editor-bookmarks/2" lastBookmarkId="0"/>
    <open-files xmlns="http://www.netbeans.org/ns/projectui-open-files/2">
        <group>
            <file>file:/C:/Users/Esteb/OneDrive/Escritorio/Universidad/Universidad/3er%20Semestre/Lab.%20Programación/Laboratorio%20%235/Ejercicio%231.Lab5/src/MainPrueba.java</file>
            <file>file:/C:/Users/Esteb/OneDrive/Escritorio/Universidad/Universidad/3er%20Semestre/Lab.%20Programación/Laboratorio%20%235/Ejercicio%231.Lab5/src/Interfaz.java</file>
        </group>
    </open-files>
</project-private>
